<?xml version="1.0" encoding="UTF-8"?>
<metadata xml:lang="en"><Esri><CreaDate>20140924</CreaDate><CreaTime>17420800</CreaTime><SyncOnce>FALSE</SyncOnce><DataProperties><lineage><Process Name="Create Feature Class" ToolSource="C:\Program Files\ArcGIS\ArcToolbox\Toolboxes\Data Management Tools.tbx\CreateFeatureclass" Date="20060712" Time="094116">CreateFeatureclass "C:\Pfdata\export\East Fork\ArcView" EastFork_10ftContours # EastForkContours10ft_Layer SAME_AS_TEMPLATE SAME_AS_TEMPLATE "PROJCS['NAD_1983_UTM_Zone_16N',GEOGCS['GCS_North_American_1983',DATUM['D_North_American_1983',SPHEROID['GRS_1980',6378137.0,298.257222101]],PRIMEM['Greenwich',0.0],UNIT['Degree',0.0174532925199433]],PROJECTION['Transverse_Mercator'],PARAMETER['False_Easting',500000.0],PARAMETER['False_Northing',0.0],PARAMETER['Central_Meridian',-87.0],PARAMETER['Scale_Factor',0.9996],PARAMETER['Latitude_Of_Origin',0.0],UNIT['Meter',1.0]];732039.012404 4305609.033440 62499.999942;0.000000 100000.000000;0.000000 100000.000000" # 0 0 0 "C:\Pfdata\export\East Fork\ArcView\EastFork_10ftContours.shp"</Process><Process Name="Append" ToolSource="C:\Program Files\ArcGIS\ArcToolbox\Toolboxes\Data Management Tools.tbx\Append" Date="20060712" Time="094117">Append EastForkContours10ft_Layer "C:\Pfdata\export\East Fork\ArcView\EastFork_10ftContours.shp" TEST "C:\Pfdata\export\East Fork\ArcView\EastFork_10ftContours.shp"</Process><Process Name="FeatureClassToFeatureClass_1" ToolSource="C:\Program Files\ArcGIS\ArcToolbox\Toolboxes\Conversion Tools.tbx\FeatureClassToFeatureClass" Date="20060712" Time="094117">FeatureClassToFeatureClass "C:\Pfdata\export\East Fork\ArcView\East Fork UTM.mdb\EastForkContours10ft" "C:\Pfdata\export\East Fork\ArcView" EastFork_10ftContours # "ID0 ID0 VISIBLE;ID1 ID1 VISIBLE;ID2 ID2 VISIBLE;ID3 ID3 VISIBLE;Shape_Length Shape_Leng VISIBLE" SAME_AS_TEMPLATE SAME_AS_TEMPLATE # 0 "C:\Pfdata\export\East Fork\ArcView\EastFork_10ftContours.shp"</Process><Process Name="Project_7" ToolSource="C:\Program Files\ArcGIS\ArcToolbox\Toolboxes\Data Management Tools.tbx\Project" Date="20060928" Time="100926">Project "S:\Mapping\Maps (ArcView)\East Fork\ArcView\EastFork_10ftContours.shp" "S:\Mapping\Maps (ArcView)\East Fork\ArcView\EastFork_10ftContours_Projec.shp" PROJCS['NAD_1983_UTM_Zone_16N',GEOGCS['GCS_North_American_1983',DATUM['D_North_American_1983',SPHEROID['GRS_1980',6378137.0,298.257222101]],PRIMEM['Greenwich',0.0],UNIT['Degree',0.0174532925199433]],PROJECTION['Transverse_Mercator'],PARAMETER['False_Easting',500000.0],PARAMETER['False_Northing',0.0],PARAMETER['Central_Meridian',-87.0],PARAMETER['Scale_Factor',0.9996],PARAMETER['Latitude_Of_Origin',0.0],UNIT['Meter',1.0]] NAD_1927_To_NAD_1983_6</Process><Process Name="SmoothLine_1" ToolSource="C:\Program Files\ArcGIS\ArcToolbox\Toolboxes\Data Management Tools.tbx\SmoothLine" Date="20090618" Time="132701">SmoothLine EastFork_10ftcontours "S:\IFRE\FIDR03, Mapping\Data\Ohio\Lakes\East Fork\ArcView\EastFork_10ftcontoursSM.shp" PAEK "5 Meters" FIXED_CLOSED_ENDPOINT NO_CHECK</Process></lineage><itemProps><itemName Sync="TRUE">EastFork_10ftcontours</itemName><nativeExtBox><westBL Sync="TRUE">1496175.127908</westBL><eastBL Sync="TRUE">1519894.521259</eastBL><southBL Sync="TRUE">365934.543301</southBL><northBL Sync="TRUE">385510.953578</northBL><exTypeCode Sync="TRUE">1</exTypeCode></nativeExtBox><itemSize Sync="TRUE">2.392</itemSize><itemLocation><linkage Sync="TRUE">file://\\729D7FSANSTGIS\C$\MRA\Projects\Geoportal_Implementation\GeodataFTP_Processing_082614\Data\Geoportal_DataPreProcr_outputs\Temp\eastfork_10ftcontours\eastfork_10ftcontours</linkage><protocol Sync="TRUE">Local Area Network</protocol></itemLocation><imsContentType Sync="TRUE">002</imsContentType></itemProps><coordRef><type Sync="TRUE">Projected</type><geogcsn Sync="TRUE">GCS_North_American_1983</geogcsn><csUnits Sync="TRUE">Linear Unit: Foot_US (0.304801)</csUnits><projcsn Sync="TRUE">NAD_1983_StatePlane_Ohio_South_FIPS_3402_Feet</projcsn><peXml Sync="TRUE">&lt;ProjectedCoordinateSystem xsi:type='typens:ProjectedCoordinateSystem' xmlns:xsi='http://www.w3.org/2001/XMLSchema-instance' xmlns:xs='http://www.w3.org/2001/XMLSchema' xmlns:typens='http://www.esri.com/schemas/ArcGIS/10.0'&gt;&lt;WKT&gt;PROJCS[&amp;quot;NAD_1983_StatePlane_Ohio_South_FIPS_3402_Feet&amp;quot;,GEOGCS[&amp;quot;GCS_North_American_1983&amp;quot;,DATUM[&amp;quot;D_North_American_1983&amp;quot;,SPHEROID[&amp;quot;GRS_1980&amp;quot;,6378137.0,298.257222101]],PRIMEM[&amp;quot;Greenwich&amp;quot;,0.0],UNIT[&amp;quot;Degree&amp;quot;,0.0174532925199433]],PROJECTION[&amp;quot;Lambert_Conformal_Conic&amp;quot;],PARAMETER[&amp;quot;False_Easting&amp;quot;,1968500.0],PARAMETER[&amp;quot;False_Northing&amp;quot;,0.0],PARAMETER[&amp;quot;Central_Meridian&amp;quot;,-82.5],PARAMETER[&amp;quot;Standard_Parallel_1&amp;quot;,38.73333333333333],PARAMETER[&amp;quot;Standard_Parallel_2&amp;quot;,40.03333333333333],PARAMETER[&amp;quot;Latitude_Of_Origin&amp;quot;,38.0],UNIT[&amp;quot;Foot_US&amp;quot;,0.3048006096012192],AUTHORITY[&amp;quot;EPSG&amp;quot;,3735]]&lt;/WKT&gt;&lt;XOrigin&gt;-119670700&lt;/XOrigin&gt;&lt;YOrigin&gt;-95612900&lt;/YOrigin&gt;&lt;XYScale&gt;37024245.698512442&lt;/XYScale&gt;&lt;ZOrigin&gt;-100000&lt;/ZOrigin&gt;&lt;ZScale&gt;10000&lt;/ZScale&gt;&lt;MOrigin&gt;-100000&lt;/MOrigin&gt;&lt;MScale&gt;10000&lt;/MScale&gt;&lt;XYTolerance&gt;0.0032808333333333335&lt;/XYTolerance&gt;&lt;ZTolerance&gt;0.001&lt;/ZTolerance&gt;&lt;MTolerance&gt;0.001&lt;/MTolerance&gt;&lt;HighPrecision&gt;true&lt;/HighPrecision&gt;&lt;WKID&gt;3735&lt;/WKID&gt;&lt;/ProjectedCoordinateSystem&gt;</peXml></coordRef><copyHistory><copy source="C:\MRA\Projects\Geoportal_Implementation\GeodataFTP_Processing_082614\Data\ExtractNow_unzipped_outputs\Clermont\eastfork_10ftcontours" dest="\\729D7FSANSTGIS\C$\MRA\Projects\Geoportal_Implementation\GeodataFTP_Processing_082614\Data\Geoportal_DataPreProcr_outputs\Temp\eastfork_10ftcontours\eastfork_10ftcontours" date="20140924" time="17420800"></copy></copyHistory></DataProperties><SyncDate>20140924</SyncDate><SyncTime>17420800</SyncTime><ModDate>20140924</ModDate><ModTime>17420800</ModTime><ArcGISstyle>FGDC CSDGM Metadata</ArcGISstyle></Esri><eainfo><detailed Name="EastFork_10ftcontours"><enttyp><enttypl Sync="TRUE">EastFork_10ftcontours</enttypl><enttypt Sync="TRUE">Feature Class</enttypt><enttypc Sync="TRUE">24</enttypc></enttyp><attr><attrlabl Sync="TRUE">FID</attrlabl><attalias Sync="TRUE">FID</attalias><attrtype Sync="TRUE">OID</attrtype><attwidth Sync="TRUE">4</attwidth><atprecis Sync="TRUE">0</atprecis><attscale Sync="TRUE">0</attscale><attrdef Sync="TRUE">Internal feature number.</attrdef><attrdefs Sync="TRUE">ESRI</attrdefs><attrdomv><udom Sync="TRUE">Sequential unique whole numbers that are automatically generated.</udom></attrdomv></attr><attr><attrlabl Sync="TRUE">Shape</attrlabl><attalias Sync="TRUE">Shape</attalias><attrtype Sync="TRUE">Geometry</attrtype><attwidth Sync="TRUE">0</attwidth><atprecis Sync="TRUE">0</atprecis><attscale Sync="TRUE">0</attscale><attrdef Sync="TRUE">Feature geometry.</attrdef><attrdefs Sync="TRUE">ESRI</attrdefs><attrdomv><udom Sync="TRUE">Coordinates defining the features.</udom></attrdomv></attr><attr><attrlabl Sync="TRUE">Contour</attrlabl><attalias Sync="TRUE">Contour</attalias><attrtype Sync="TRUE">SmallInteger</attrtype><attwidth Sync="TRUE">4</attwidth><atprecis Sync="TRUE">4</atprecis><attscale Sync="TRUE">0</attscale></attr></detailed></eainfo><mdLang><languageCode value="eng"/><countryCode value="USA" Sync="TRUE"></countryCode></mdLang><mdChar><CharSetCd value="004"/></mdChar><mdHrLv><ScopeCd value="005"/></mdHrLv><mdContact><rpIndName>Kevin Page, Fisheries Biologist</rpIndName><rpOrgName>Ohio Department of Natural Resources</rpOrgName><rpCntInfo><cntPhone><voiceNum>740-928-7034</voiceNum></cntPhone><cntAddress><delPoint>Not Available</delPoint><city>Not Available</city><adminArea>OH</adminArea><postCode>Not Available</postCode><country>US</country><eMailAdd>Kevin.Page@dnr.state.oh.us</eMailAdd></cntAddress></rpCntInfo><role><RoleCd value="007"/></role></mdContact><mdDateSt Sync="TRUE">20140924</mdDateSt><mdStanName>ArcGIS Metadata</mdStanName><mdStanVer>1.0</mdStanVer><distInfo><distributor><distorCont><rpIndName>David Crecelius</rpIndName><rpOrgName>Ohio Department of Natural Resources-Office of Information Technology</rpOrgName><rpPosName>GIMS Coordinator</rpPosName><rpCntInfo><cntPhone><voiceNum>614-265-6776</voiceNum></cntPhone><cntAddress addressType="postal"><delPoint>Office of Information Technology</delPoint><delPoint>1894 Fountain Square Court</delPoint><city>Columbus</city><adminArea>OH</adminArea><postCode>43224-1360</postCode><country>US</country><eMailAdd>dave.crecelius@dnr.state.oh.us</eMailAdd></cntAddress></rpCntInfo><role><RoleCd value="005"/></role></distorCont><distorOrdPrc><resFees>No fees for downloading, CDs may be purchased</resFees><ordInstr>Download from FTP</ordInstr></distorOrdPrc><distorFormat><formatName>TIFF</formatName><formatVer>unknown</formatVer></distorFormat><distorFormat><formatName>ArcView Shape File</formatName><formatVer>unknown</formatVer></distorFormat><distorFormat><formatName>DGN</formatName><formatVer>unknown</formatVer></distorFormat><distorTran><onLineSrc><linkage>http://apps.ohiodnr.gov/geodata/CLERMONT/EastFork_10ftcontours.exe</linkage></onLineSrc></distorTran><distorTran><onLineSrc><linkage>http://apps.ohiodnr.gov/geodata/CLERMONT/EastFork_10ftcontours.exe</linkage></onLineSrc></distorTran><distorTran><onLineSrc><linkage>http://apps.ohiodnr.gov/geodata/CLERMONT/EastFork_10ftcontours.exe</linkage></onLineSrc></distorTran></distributor><distTranOps><onLineSrc><linkage>http://apps.ohiodnr.gov/geodata/CLERMONT/EastFork_10ftcontours.exe</linkage></onLineSrc><transSize Sync="TRUE">2.392</transSize></distTranOps><distFormat><formatName Sync="TRUE">Shapefile</formatName></distFormat></distInfo><dataIdInfo><idCitation><resTitle Sync="TRUE">EastFork_10ftcontours</resTitle><date><pubDate>2007-01-01</pubDate></date><citRespParty><rpOrgName>Ohio Department of Natural Resources, Division of Wildlife</rpOrgName><rpCntInfo><cntAddress><delPoint>Columbus, OH</delPoint></cntAddress></rpCntInfo><role><RoleCd value="010"/></role></citRespParty><citRespParty><rpOrgName>Kevin Page</rpOrgName><role><RoleCd value="006"/></role></citRespParty><presForm><fgdcGeoform>Map - Digital, GIS Coverage - Digital</fgdcGeoform><PresFormCd value="005" Sync="TRUE"></PresFormCd></presForm></idCitation><idAbs>This file contains the data used by the Division of Wildlife for the construction of lake maps. Data was collected in the Ohio State Plane Coordinate System for both the northern and southern state planes in the Lambert Projection Zone. Except for the lakes in extreme western Ohio which is in UTM zone 16N the majority of lakes are in UTM zone 17N and datum NAD83. Data were collected by the Ohio Division of Wildlife using a Trimble GPS Pathfinder Pro XRS receiver and Recon datalogger. Geocoding of depths typically occurred during water levels that were Â± 60 cm of full recreational pool while transversing the reservoir at 100m intervals driving at a vessel speed of 2.0-2.5 m/s. Depth contour lines were derived by creating a raster file from the point bathymetry and boundary lake data. ArcGIS Spatial Analyst Interpolation tool outputs point data that is then changed into polyline contours using the Spatial Analyst Surface tool. Additional details on the digitizing process are available upon request.</idAbs><idPurp>Geo-referenced depth data, collected to generate lake fishing maps for general public use. Depth data were used to generate contour lines that may be overlaid with lake shape polygon and other local features.</idPurp><idStatus><ProgCd value="001"/></idStatus><idPoC><rpIndName>Ken Pendley</rpIndName><rpOrgName>Wildlife</rpOrgName><rpPosName>GIS Coordinator</rpPosName><rpCntInfo><cntPhone><voiceNum>612-265-6749</voiceNum><faxNum>Unknown</faxNum></cntPhone><cntAddress addressType="postal"><delPoint>2045 Morse Rd, Bldg G-2</delPoint><city>Columbus</city><adminArea>OH</adminArea><postCode>43229</postCode><country>US</country><eMailAdd>ken.pendley@dnr.state.oh.us</eMailAdd></cntAddress></rpCntInfo><role><RoleCd value="007"/></role></idPoC><resMaint/><placeKeys><keyword>WILLIAMSBURG</keyword><keyword>USA</keyword><keyword>BATAVIA</keyword><keyword>BETHEL</keyword><keyword>Ohio</keyword><keyword>CLERMONT COUNTY</keyword><keyword>LAUREL</keyword></placeKeys><themeKeys><keyword>Bathymetry</keyword><keyword>Water Depth</keyword></themeKeys><searchKeys><keyword>WILLIAMSBURG</keyword><keyword>USA</keyword><keyword>BATAVIA</keyword><keyword>BETHEL</keyword><keyword>Ohio</keyword><keyword>Bathymetry</keyword><keyword>CLERMONT COUNTY</keyword><keyword>LAUREL</keyword><keyword>Water Depth</keyword></searchKeys><resConst><LegConsts><useLimit>The Ohio Department of Natural Resources (DNR) provides this geographic data 'as is.' DNR makes no guarantee or warranty concerning the accuracy of information contained in the geographic data. DNR further makes no warranties, either expressed or implied, as to the condition of the product, or its fitness for any particular purpose. The burden for determining fitness for use lies entirely with the user. Although these data have been processed successfully on computers of DNR, no warranty, expressed or implied, is made by DNR regarding the use of these data on any other system, nor does the fact of distribution constitute or imply any such warranty. In no event shall the DNR have any liability whatsoever for payment of any consequential, incidental, indirect, special, or tort damages of any kind, including, but not limited to, any loss of profits arising out of use of or reliance on the geographic data.</useLimit></LegConsts></resConst><resConst><Consts><useLimit>DNR further makes no warranties, either expressed or implied, as to the condition of the product, or its fitness for any particular purpose. The burden for determining fitness for use lies entirely with the user.</useLimit></Consts></resConst><spatRpType><SpatRepTypCd value="001"/></spatRpType><dataLang><languageCode value="eng"/><countryCode value="USA" Sync="TRUE"></countryCode></dataLang><dataExt><exDesc>20070101</exDesc><tempEle><TempExtent><exTemp><TM_Instant><tmPosition>2007-01-01</tmPosition></TM_Instant></exTemp></TempExtent></tempEle><geoEle/></dataExt><dataExt><geoEle><GeoBndBox><westBL>-84.25</westBL><eastBL>-84</eastBL><southBL>38.875</southBL><northBL>39.125</northBL></GeoBndBox></geoEle></dataExt><envirDesc Sync="TRUE">Microsoft Windows 7 Version 6.1 (Build 7601) Service Pack 1; ESRI ArcGIS 10.0.5.4400</envirDesc><dataExt><geoEle><GeoBndBox esriExtentType="search"><exTypeCode Sync="TRUE">1</exTypeCode><westBL Sync="TRUE">-84.163167</westBL><eastBL Sync="TRUE">-84.078458</eastBL><northBL Sync="TRUE">39.047694</northBL><southBL Sync="TRUE">38.992783</southBL></GeoBndBox></geoEle></dataExt></dataIdInfo><mdMaint><maintFreq><MaintFreqCd value="012"/></maintFreq><maintNote>Last metadata review date: 20140827</maintNote></mdMaint><mdConst><Consts><useLimit>DNR further makes no warranties, either expressed or implied, as to the condition of the product, or its fitness for any particular purpose. The burden for determining fitness for use lies entirely with the user.</useLimit></Consts></mdConst><dqInfo><dqScope><scpLvl><ScopeCd value="005"/></scpLvl></dqScope><report type="DQCompOm"><measDesc>Data set is complete for the area of coverage.</measDesc></report><report type="DQAbsExtPosAcc" dimension="horizontal"><measDesc>Horizontal positional accuracy is based upon the use of USGS source quadrangles that are compiled to meet National Map Accuracy Standards (NMAS). NMAS horizontal accuracy requires that at least 90 percent of points tested are within 0.02 inch of the true position. The digital data are estimated to contain a horizontal positional error of less than or equal to 0.003 inch standard error in the two component directions relative to the source graphic.</measDesc><evalMethDesc>Horizontal positional accuracy is based upon the use of USGS source quadrangles that are compiled to meet National Map Accuracy Standards (NMAS). NMAS horizontal accuracy requires that at least 90 percent of points tested are within 0.02 inch of the true position. The digital data are estimated to contain a horizontal positional error of less than or equal to 0.003 inch standard error in the two component directions relative to the source graphic.</evalMethDesc><measResult><QuanResult><quanVal>38.1</quanVal></QuanResult></measResult></report><dataLineage><prcStep><stepDesc>This file contains the data used by the Division of Wildlife for the construction of lake maps. Data was collected in the Ohio State Plane Coordinate System for both the northern and southern state planes in the Lambert Projection Zone. Except for the lakes in extreme western Ohio which is in UTM zone 16N the majority of lakes are in UTM zone 17N and datum NAD83. Data were collected by the Ohio Division of Wildlife using a Trimble GPS Pathfinder Pro XRS receiver and Recon datalogger. Geocoding of depths typically occurred during water levels that were Â± 60 cm of full recreational pool while transversing the reservoir at 100m intervals driving at a vessel speed of 2.0-2.5 m/s. Depth contour lines were derived by creating a raster file from the point bathymetry and boundary lake data. ArcGIS Spatial Analyst Interpolation tool outputs point data that is then changed into polyline contours using the Spatial Analyst Surface tool. Additional details on the digitizing process are available upon request.</stepDesc><stepDateTm>2007-01-01</stepDateTm></prcStep><dataSource><srcDesc>Ohio Division of Wildlife, Fisheries Section</srcDesc><srcCitatn><resTitle>Ohio Division of Wildlife, Fisheries Section</resTitle><resAltTitle>None</resAltTitle><date><pubDate>2003-01-01</pubDate></date><citRespParty><rpOrgName>Ohio Division of Wildlife, Fisheries Section</rpOrgName><role><RoleCd value="006"/></role></citRespParty></srcCitatn><srcExt><exDesc>20030101</exDesc><tempEle><TempExtent><exTemp><TM_Instant><tmPosition>2003-01-01</tmPosition></TM_Instant></exTemp></TempExtent></tempEle></srcExt></dataSource></dataLineage></dqInfo><mdHrLvName Sync="TRUE">dataset</mdHrLvName><refSysInfo><RefSystem><refSysID><identCode code="3735" Sync="TRUE"></identCode><idCodeSpace Sync="TRUE">EPSG</idCodeSpace><idVersion Sync="TRUE">7.4.1</idVersion></refSysID></RefSystem></refSysInfo><spatRepInfo><VectSpatRep><geometObjs Name="EastFork_10ftcontours"><geoObjTyp><GeoObjTypCd value="002" Sync="TRUE"></GeoObjTypCd></geoObjTyp><geoObjCnt Sync="TRUE">24</geoObjCnt></geometObjs><topLvl><TopoLevCd value="001" Sync="TRUE"></TopoLevCd></topLvl></VectSpatRep></spatRepInfo><spdoinfo><ptvctinf><esriterm><efeatyp Sync="TRUE">Simple</efeatyp><efeageom code="3" Sync="TRUE"></efeageom><esritopo Sync="TRUE">FALSE</esritopo><efeacnt Sync="TRUE">24</efeacnt><spindex Sync="TRUE">TRUE</spindex><linrefer Sync="TRUE">FALSE</linrefer></esriterm></ptvctinf></spdoinfo></metadata>
