"","Yr","daynum","sampledate.x","atm_TotP_kgday","Patm_kgday","sampledate.y","Pstreams_kgday","Pext_kgday_noother","Pother_kgday","Pext_kgday"
"1",2013,196,2013-07-15,6.698,6.698,2013-07-15,45.2170548481068,51.9150548481068,24.4000757786102,76.315130626717
"2",2013,197,2013-07-16,6.698,6.698,2013-07-16,44.1205213683534,50.8185213683534,23.8847050431261,74.7032264114795
"3",2013,198,2013-07-17,6.698,6.698,2013-07-17,47.0579780780438,53.7559780780438,25.2653096966806,79.0212877747244
"4",2013,199,2013-07-18,6.698,6.698,2013-07-18,34.0954371714134,40.7934371714134,19.1729154705643,59.9663526419777
"5",2013,200,2013-07-19,6.698,6.698,2013-07-19,50.9982608209461,57.6962608209461,27.1172425858447,84.8135034067908
"6",2013,201,2013-07-20,6.698,6.698,2013-07-20,46.5724657431902,53.2704657431902,25.0371188992994,78.3075846424896
"7",2013,202,2013-07-21,64.3417448723778,64.3417448723778,2013-07-21,51.0386190144784,115.380363886856,54.2287710268224,169.609134913679
"8",2013,203,2013-07-22,11.1814023789627,11.1814023789627,2013-07-22,70.882639838889,82.0640422178517,38.5700998423903,120.634142060242
"9",2013,204,2013-07-23,6.698,6.698,2013-07-23,84.7059150610338,91.4039150610338,42.9598400786859,134.36375513972
"10",2013,205,2013-07-24,6.698,6.698,2013-07-24,51.0018074822452,57.6998074822452,27.1189095166552,84.8187169989004
"11",2013,206,2013-07-25,9.25994421655012,9.25994421655012,2013-07-25,37.3152952126216,46.5752394291717,21.8903625317107,68.4656019608824
"12",2013,207,2013-07-26,15.9850477849942,15.9850477849942,2013-07-26,55.3048100717076,71.2898578567018,33.5062331926498,104.796091049352
"13",2013,208,2013-07-27,7.01824302706877,7.01824302706877,2013-07-27,45.0846516837037,52.1028947107725,24.4883605140631,76.5912552248355
"14",2013,209,2013-07-28,7.33848605413753,7.33848605413753,2013-07-28,44.4489325128209,51.7874185669584,24.3400867264705,76.1275052934289
"15",2013,210,2013-07-29,6.698,6.698,2013-07-29,40.4770454765513,47.1750454765513,22.1722713739791,69.3473168505304
"16",2013,211,2013-07-30,6.698,6.698,2013-07-30,36.5393009368805,43.2373009368805,20.3215314403338,63.5588323772143
"17",2013,212,2013-07-31,6.698,6.698,2013-07-31,37.6059809081531,44.3039809081531,20.822871026832,65.1268519349851
"18",2013,213,2013-08-01,6.698,6.698,2013-08-01,34.9535801418151,41.6515801418151,19.5762426666531,61.2278228084682
"19",2013,214,2013-08-02,10.5409163248252,10.5409163248252,2013-08-02,34.8422241291253,45.3831404539505,21.3300760133567,66.7132164673072
"20",2013,215,2013-08-03,6.698,6.698,2013-08-03,30.0128521015748,36.7108521015748,17.2541004877402,53.964952589315
"21",2013,216,2013-08-04,6.698,6.698,2013-08-04,26.46766076127,33.16566076127,15.5878605577969,48.7535213190669
"22",2013,217,2013-08-05,8.61945816241259,8.61945816241259,2013-08-05,28.708006896722,37.3274650591346,17.5439085777933,54.8713736369278
"23",2013,218,2013-08-06,6.698,6.698,2013-08-06,27.5685052441765,34.2665052441765,16.105257464763,50.3717627089395
"24",2013,219,2013-08-07,6.698,6.698,2013-08-07,30.7320188594717,37.4300188594717,17.5921088639517,55.0221277234234
"25",2013,220,2013-08-08,6.698,6.698,2013-08-08,25.4656208390068,32.1636208390068,15.1169017943332,47.28052263334
"26",2013,221,2013-08-09,6.698,6.698,2013-08-09,26.4630665843981,33.1610665843981,15.5857012946671,48.7467678790652
"27",2013,222,2013-08-10,6.698,6.698,2013-08-10,25.2188058635139,31.9168058635139,15.0008987558515,46.9177046193654
"28",2013,223,2013-08-11,10.5409163248252,10.5409163248252,2013-08-11,23.6642354047528,34.205151729578,16.0764213129017,50.2815730424797
"29",2013,224,2013-08-12,8.61945816241259,8.61945816241259,2013-08-12,22.9717721706588,31.5912303330714,14.8478782565436,46.4391085896149
"30",2013,225,2013-08-13,6.698,6.698,2013-08-13,23.6018641911349,30.2998641911349,14.2409361698334,44.5408003609683
"31",2013,226,2013-08-14,6.698,6.698,2013-08-14,22.0684914443098,28.7664914443098,13.5202509788256,42.2867424231354
"32",2013,227,2013-08-15,6.698,6.698,2013-08-15,22.2986352026343,28.9966352026343,13.6284185452381,42.6250537478724
"33",2013,228,2013-08-16,6.698,6.698,2013-08-16,21.7060776956138,28.4040776956138,13.3499165169385,41.7539942125523
"34",2013,229,2013-08-17,6.698,6.698,2013-08-17,19.2030428290432,25.9010428290432,12.1734901296503,38.0745329586935
"35",2013,230,2013-08-18,6.698,6.698,2013-08-18,20.1121355812922,26.8101355812922,12.6007637232073,39.4108993044995
"36",2013,231,2013-08-19,6.698,6.698,2013-08-19,20.7503580855136,27.4483580855136,12.9007283001914,40.349086385705
"37",2013,232,2013-08-20,6.698,6.698,2013-08-20,16.6947817894407,23.3927817894407,10.9946074410371,34.3873892304778
"38",2013,233,2013-08-21,26.3929461647291,26.3929461647291,2013-08-21,17.9541889006795,44.3471350654086,20.843153480742,65.1902885461506
"39",2013,234,2013-08-22,46.0878923294581,46.0878923294581,2013-08-22,57.6099287197157,103.697821049174,48.7379758931117,152.435796942285
"40",2013,235,2013-08-23,6.698,6.698,2013-08-23,56.5280558304688,63.2260558304688,29.7162462403203,92.9423020707891
"41",2013,236,2013-08-24,6.698,6.698,2013-08-24,28.8163619654828,35.5143619654828,16.6917501237769,52.2061120892597
"42",2013,237,2013-08-25,6.698,6.698,2013-08-25,22.7441823177372,29.4421823177372,13.8378256893365,43.2800080070737
"43",2013,238,2013-08-26,6.698,6.698,2013-08-26,22.7043547497496,29.4023547497496,13.8191067323823,43.2214614821319
"44",2013,239,2013-08-27,6.698,6.698,2013-08-27,20.9368361865012,27.6348361865012,12.9883730076556,40.6232091941568
"45",2013,240,2013-08-28,6.698,6.698,2013-08-28,21.2315594869755,27.9295594869755,13.1268929588785,41.056452445854
"46",2013,241,2013-08-29,6.698,6.698,2013-08-29,16.566265146143,23.264265146143,10.9342046186872,34.1984697648302
"47",2013,242,2013-08-30,6.698,6.698,2013-08-30,22.8879258527839,29.5859258527839,13.9053851508084,43.4913110035923
"48",2013,243,2013-08-31,6.698,6.698,2013-08-31,16.4594633406581,23.1574633406581,10.8840077701093,34.0414711107674
"49",2013,244,2013-09-01,6.698,6.698,2013-09-01,18.2554392174106,24.9534392174106,11.728116432183,36.6815556495936
"50",2013,245,2013-09-02,6.698,6.698,2013-09-02,19.386133317056,26.084133317056,12.2595426590163,38.3436759760723
"51",2013,246,2013-09-03,6.698,6.698,2013-09-03,17.5051437400647,24.2031437400647,11.3754775578304,35.5786212978951
"52",2013,247,2013-09-04,6.698,6.698,2013-09-04,17.9503719977122,24.6483719977122,11.5847348389247,36.2331068366369
"53",2013,248,2013-09-05,6.698,6.698,2013-09-05,15.1892738158482,21.8872738158482,10.2870186934487,32.1742925092969
"54",2013,249,2013-09-06,6.698,6.698,2013-09-06,15.18091510227,21.87891510227,10.2830900980669,32.1620052003369
"55",2013,250,2013-09-07,6.698,6.698,2013-09-07,19.8956996356704,26.5936996356704,12.4990388287651,39.0927384644355
"56",2013,251,2013-09-08,6.698,6.698,2013-09-08,14.8835765701284,21.5815765701284,10.1433409879603,31.7249175580887
"57",2013,252,2013-09-09,6.698,6.698,2013-09-09,13.5096623125708,20.2076623125708,9.49760128690828,29.7052635994791
"58",2014,196,2014-07-15,12.142131460169,12.142131460169,2014-07-15,34.9111248425131,47.0532563026821,22.1150304622606,69.1682867649427
"59",2014,197,2014-07-16,6.698,6.698,2014-07-16,29.9830246664858,36.6810246664858,17.2400815932483,53.9211062597341
"60",2014,198,2014-07-17,6.698,6.698,2014-07-17,28.2964125616504,34.9944125616504,16.4473739039757,51.4417864656261
"61",2014,199,2014-07-18,6.698,6.698,2014-07-18,30.1858868151459,36.8838868151459,17.3354268031186,54.2193136182645
"62",2014,200,2014-07-19,6.698,6.698,2014-07-19,28.5863699450572,35.2843699450572,16.5836538741769,51.8680238192341
"63",2014,201,2014-07-20,6.698,6.698,2014-07-20,25.2932538769558,31.9912538769558,15.0358893221692,47.027143199125
"64",2014,202,2014-07-21,6.698,6.698,2014-07-21,25.145275036112,31.843275036112,14.9663392669726,46.8096143030846
"65",2014,203,2014-07-22,6.698,6.698,2014-07-22,30.2677183221131,36.9657183221131,17.3738876113932,54.3396059335063
"66",2014,204,2014-07-23,6.698,6.698,2014-07-23,22.3935474460638,29.0915474460638,13.67302729965,42.7645747457138
"67",2014,205,2014-07-24,6.698,6.698,2014-07-24,22.4231079207387,29.1211079207387,13.6869207227472,42.8080286434859
"68",2014,206,2014-07-25,7.33848605413753,7.33848605413753,2014-07-25,23.4921172911603,30.8306033452978,14.49038357229,45.3209869175878
"69",2014,207,2014-07-26,6.698,6.698,2014-07-26,29.217774677727,35.915774677727,16.8804140985317,52.7961887762587
"70",2014,208,2014-07-27,7.6587290812063,7.6587290812063,2014-07-27,26.7324014309723,34.3911305121786,16.1638313407239,50.5549618529025
"71",2014,209,2014-07-28,6.698,6.698,2014-07-28,20.6593839673736,27.3573839673736,12.8579704646656,40.2153544320392
"72",2014,210,2014-07-29,6.698,6.698,2014-07-29,22.5304127934006,29.2284127934006,13.7373540128983,42.9657668062989
"73",2014,211,2014-07-30,6.698,6.698,2014-07-30,22.6615791968102,29.3595791968102,13.7990022225008,43.158581419311
"74",2014,212,2014-07-31,6.698,6.698,2014-07-31,21.5120623495769,28.2100623495769,13.2587293043011,41.468791653878
"75",2014,213,2014-08-01,30.3959840030886,30.3959840030886,2014-08-01,26.521039151571,56.9170231546596,26.75100088269,83.6680240373496
"76",2014,214,2014-08-02,6.698,6.698,2014-08-02,42.6590750542356,49.3570750542356,23.1978252754907,72.5549003297263
"77",2014,215,2014-08-03,6.698,6.698,2014-08-03,27.602289811195,34.300289811195,16.1211362112616,50.4214260224567
"78",2014,216,2014-08-04,62.4202867099652,62.4202867099652,2014-08-04,46.8805682330894,109.300854943055,51.3714018232357,160.67225676629
"79",2014,217,2014-08-05,6.698,6.698,2014-08-05,147.133168124742,153.831168124742,72.3006490186287,226.131817143371
"80",2014,218,2014-08-06,6.698,6.698,2014-08-06,72.2049851891489,78.9029851891489,37.0844030389,115.987388228049
"81",2014,219,2014-08-07,6.698,6.698,2014-08-07,54.8327123962878,61.5307123962878,28.9194348262553,90.4501472225431
"82",2014,220,2014-08-08,6.698,6.698,2014-08-08,43.8844067781711,50.5824067781711,23.7737311857404,74.3561379639115
"83",2014,221,2014-08-09,6.698,6.698,2014-08-09,36.6293238961501,43.3273238961501,20.3638422311905,63.6911661273406
"84",2014,222,2014-08-10,6.698,6.698,2014-08-10,31.6227851149922,38.3207851149922,18.0107690040463,56.3315541190385
"85",2014,223,2014-08-11,13.4231035684441,13.4231035684441,2014-08-11,32.5710877195264,45.9941912879705,21.6172699053461,67.6114611933166
"86",2014,224,2014-08-12,6.698,6.698,2014-08-12,23.6221469295699,30.3201469295699,14.2504690568979,44.5706159864678
"87",2014,225,2014-08-13,6.698,6.698,2014-08-13,25.7921493508848,32.4901493508848,15.2703701949159,47.7605195458007
"88",2014,226,2014-08-14,6.698,6.698,2014-08-14,23.1797021635066,29.8777021635066,14.0425200168481,43.9202221803547
"89",2014,227,2014-08-15,6.698,6.698,2014-08-15,18.0338327524156,24.7318327524156,11.6239613936353,36.3557941460509
"90",2014,228,2014-08-16,6.698,6.698,2014-08-16,25.3047084238118,32.0027084238118,15.0412729591915,47.0439813830033
"91",2014,229,2014-08-17,6.698,6.698,2014-08-17,21.898910823232,28.596910823232,13.440548086919,42.037458910151
"92",2014,230,2014-08-18,6.698,6.698,2014-08-18,16.1511062507572,22.8491062507572,10.7390799378559,33.5881861886131
"93",2014,231,2014-08-19,25.2720955699884,25.2720955699884,2014-08-19,26.438118923502,51.7102144934904,24.3038008119405,76.0140153054309
"94",2014,232,2014-08-20,6.698,6.698,2014-08-20,20.7676918889785,27.4656918889785,12.9088751878199,40.3745670767984
"95",2014,233,2014-08-21,26.2328246511947,26.2328246511947,2014-08-21,19.7436752673004,45.9764999184951,21.6089549616927,67.5854548801878
"96",2014,234,2014-08-22,6.698,6.698,2014-08-22,20.2401838940495,26.9381838940495,12.6609464302033,39.5991303242528
"97",2014,235,2014-08-23,7.6587290812063,7.6587290812063,2014-08-23,17.8500391093194,25.5087681905257,11.9891210495471,37.4978892400728
"98",2014,236,2014-08-24,6.698,6.698,2014-08-24,15.7950700138651,22.4930700138651,10.5717429065166,33.0648129203817
"99",2014,237,2014-08-25,48.6498365460083,48.6498365460083,2014-08-25,74.124425852778,122.774262398786,57.7039033274296,180.478165726216
"100",2014,238,2014-08-26,38.2419381662734,38.2419381662734,2014-08-26,42.2178418524113,80.4597800186847,37.8160966087818,118.275876627467
"101",2014,239,2014-08-27,27.8340397865385,27.8340397865385,2014-08-27,23.3406287720388,51.1746685585773,24.0520942225313,75.2267627811086
"102",2014,240,2014-08-28,17.4261414068036,17.4261414068036,2014-08-28,18.8274506303143,36.2535920371179,17.0391882574454,53.2927802945633
"103",2014,241,2014-08-29,7.01824302706877,7.01824302706877,2014-08-29,14.1311308039359,21.1493738310047,9.94020570057219,31.0895795315769
"104",2014,242,2014-08-30,13.1028605413753,13.1028605413753,2014-08-30,30.4786264303167,43.581486971692,20.4832988766952,64.0647858483872
"105",2014,243,2014-08-31,6.698,6.698,2014-08-31,27.2347203695676,33.9327203695676,15.9483785736968,49.8810989432644
"106",2014,244,2014-09-01,8.93970118948136,8.93970118948136,2014-09-01,21.9514922170143,30.8911934064957,14.518860901053,45.4100543075486
"107",2014,245,2014-09-02,6.698,6.698,2014-09-02,20.4077573883858,27.1057573883858,12.7397059725413,39.8454633609271
"108",2014,246,2014-09-03,6.698,6.698,2014-09-03,12.2923042080393,18.9903042080393,8.92544297777847,27.9157471858178
"109",2014,247,2014-09-04,32.3174421655012,32.3174421655012,2014-09-04,327.098186328231,359.415628493732,168.925345392054,528.340973885786
"110",2014,248,2014-09-05,19.5077210827506,19.5077210827506,2014-09-05,83.2522329476988,102.759954030449,48.2971783943112,151.057132424761
"111",2014,249,2014-09-06,6.698,6.698,2014-09-06,39.1880717366626,45.8860717366626,21.5664537162314,67.452525452894
"112",2014,250,2014-09-07,6.698,6.698,2014-09-07,28.3805823528578,35.0785823528578,16.4869337058432,51.565516058701
"113",2014,251,2014-09-08,6.698,6.698,2014-09-08,19.8293659980054,26.5273659980054,12.4678620190625,38.9952280170679
"114",2014,252,2014-09-09,8.93970118948136,8.93970118948136,2014-09-09,19.3831088023215,28.3228099918029,13.3117206961473,41.6345306879502
"115",2015,196,2015-07-15,6.698,6.698,2015-07-15,26.1111832739461,32.8091832739461,15.4203161387547,48.2294994127008
"116",2015,197,2015-07-16,33.2781712467075,33.2781712467075,2015-07-16,27.0078112268067,60.2859824735142,28.3344117625517,88.6203942360659
"117",2015,198,2015-07-17,6.698,6.698,2015-07-17,46.633755996324,53.331755996324,25.0659253182723,78.3976813145963
"118",2015,199,2015-07-18,42.5652190317017,42.5652190317017,2015-07-18,119.318785596747,161.884004628449,76.0854821753709,237.96948680382
"119",2015,200,2015-07-19,6.698,6.698,2015-07-19,77.7785837393939,84.4765837393939,39.7039943575151,124.180578096909
"120",2015,201,2015-07-20,6.698,6.698,2015-07-20,35.7278478973019,42.4258478973019,19.9401485117319,62.3659964090338
"121",2015,202,2015-07-21,6.698,6.698,2015-07-21,26.9783472127376,33.6763472127376,15.8278831899867,49.5042304027243
"122",2015,203,2015-07-22,6.698,6.698,2015-07-22,23.5894111379645,30.2874111379645,14.2350832348433,44.5224943728078
"123",2015,204,2015-07-23,6.698,6.698,2015-07-23,20.6042584900229,27.3022584900229,12.8320614903108,40.1343199803337
"124",2015,205,2015-07-24,6.698,6.698,2015-07-24,17.9102791339339,24.6082791339339,11.5658911929489,36.1741703268828
"125",2015,206,2015-07-25,6.698,6.698,2015-07-25,21.1859259714847,27.8839259714847,13.1054452065978,40.9893711780825
"126",2015,207,2015-07-26,6.698,6.698,2015-07-26,20.5359546416847,27.2339546416847,12.7999586815918,40.0339133232765
"127",2015,208,2015-07-27,6.698,6.698,2015-07-27,17.8347451810298,24.5327451810298,11.530390235084,36.0631354161138
"128",2015,209,2015-07-28,6.698,6.698,2015-07-28,18.8602052761717,25.5582052761717,12.0123564798007,37.5705617559724
"129",2015,210,2015-07-29,52.1725098437647,52.1725098437647,2015-07-29,13.7334229780354,65.9059328218001,30.975788426246,96.8817212480461
"130",2015,211,2015-07-30,6.698,6.698,2015-07-30,21.2884270451204,27.9864270451204,13.1536207112066,41.140047756327
"131",2015,212,2015-07-31,6.698,6.698,2015-07-31,17.7968664077073,24.4948664077073,11.5125872116224,36.0074536193297
"132",2015,213,2015-08-01,6.698,6.698,2015-08-01,15.9656945658417,22.6636945658417,10.6519364459456,33.3156310117873
"133",2015,214,2015-08-02,6.698,6.698,2015-08-02,11.5468146925322,18.2448146925322,8.57506290549014,26.8198775980223
"134",2015,215,2015-08-03,6.698,6.698,2015-08-03,18.0167724467996,24.7147724467996,11.6159430499958,36.3307154967954
"135",2015,216,2015-08-04,6.698,6.698,2015-08-04,14.7907613661356,21.4887613661356,10.0997178420837,31.5884792082193
"136",2015,217,2015-08-05,6.698,6.698,2015-08-05,15.4706718348108,22.1686718348108,10.4192757623611,32.5879475971719
"137",2015,218,2015-08-06,6.698,6.698,2015-08-06,12.7161069137655,19.4141069137655,9.12463024946979,28.5387371632353
"138",2015,219,2015-08-07,18.2267489744756,18.2267489744756,2015-08-07,16.9145670389229,35.1413160133985,16.5164185262973,51.6577345396958
"139",2015,220,2015-08-08,14.49058032534,14.49058032534,2015-08-08,19.0407838972189,33.5313642225589,15.7597411846027,49.2911054071616
"140",2015,221,2015-08-09,10.7544116762044,10.7544116762044,2015-08-09,14.8288491027405,25.5832607789449,12.0241325661041,37.607393345049
"141",2015,222,2015-08-10,7.01824302706877,7.01824302706877,2015-08-10,14.8930525862019,21.9112956132707,10.2983089382372,32.2096045515079
"142",2015,223,2015-08-11,6.698,6.698,2015-08-11,13.8347760399356,20.5327760399356,9.65040473876973,30.1831807787053
"143",2015,224,2015-08-12,6.698,6.698,2015-08-12,13.4119270122865,20.1099270122865,9.45166569577465,29.5615927080612
"144",2015,225,2015-08-13,6.698,6.698,2015-08-13,11.5432866490786,18.2412866490786,8.57340472506694,26.8146913741455
"145",2015,226,2015-08-14,6.698,6.698,2015-08-14,14.9334668176216,21.6314668176216,10.1667894042822,31.7982562219038
"146",2015,227,2015-08-15,6.698,6.698,2015-08-15,11.5757125551646,18.2737125551646,8.58864490092736,26.862357456092
"147",2015,228,2015-08-16,6.698,6.698,2015-08-16,11.7036003590141,18.4016003590141,8.64875216873663,27.0503525277507
"148",2015,229,2015-08-17,17.586262920338,17.586262920338,2015-08-17,23.0593211550357,40.6455840753737,19.1034245154256,59.7490085907993
"149",2015,230,2015-08-18,55.3749401144523,55.3749401144523,2015-08-18,49.062551381751,104.437491496203,49.0856210032156,153.523112499419
"150",2015,231,2015-08-19,7.01824302706877,7.01824302706877,2015-08-19,153.686836710661,160.70507973773,75.531387476733,236.236467214463
"151",2015,232,2015-08-20,7.33848605413753,7.33848605413753,2015-08-20,43.7393376254529,51.0778236795904,24.0065771294075,75.0844008089979
"152",2015,233,2015-08-21,6.698,6.698,2015-08-21,14.2874128356722,20.9854128356722,9.86314403276593,30.8485568684381
"153",2015,234,2015-08-22,6.698,6.698,2015-08-22,13.0397345480121,19.7377345480121,9.27673523756569,29.0144697855778
"154",2015,235,2015-08-23,7.97897210827506,7.97897210827506,2015-08-23,16.581756554171,24.5607286624461,11.5435424713496,36.1042711337957
"155",2015,236,2015-08-24,6.698,6.698,2015-08-24,15.0985947586478,21.7965947586478,10.2443995365645,32.0409942952123
"156",2015,237,2015-08-25,6.698,6.698,2015-08-25,13.5918088914577,20.2898088914577,9.53621017898512,29.8260190704428
"157",2015,238,2015-08-26,6.698,6.698,2015-08-26,10.4123721098603,17.1103721098603,8.04187489163434,25.1522470014946
"158",2015,239,2015-08-27,6.698,6.698,2015-08-27,11.632900146402,18.330900146402,8.61552306880894,26.9464232152109
"159",2015,240,2015-08-28,36.4806015173952,36.4806015173952,2015-08-28,15.2367904760659,51.7173919934611,24.3071742369267,76.0245662303878
"160",2015,241,2015-08-29,34.5591433549826,34.5591433549826,2015-08-29,138.367046772294,172.926190127277,81.27530935982,254.201499487097
"161",2015,242,2015-08-30,6.698,6.698,2015-08-30,48.1638451315916,54.8618451315916,25.7850672118481,80.6469123434397
"162",2015,243,2015-08-31,6.698,6.698,2015-08-31,26.8559737570598,33.5539737570598,15.7703676658181,49.3243414228779
"163",2015,244,2015-09-01,6.698,6.698,2015-09-01,17.8391889728468,24.5371889728468,11.532478817238,36.0696677900848
"164",2015,245,2015-09-02,6.698,6.698,2015-09-02,15.3909000220364,22.0889000220364,10.3817830103571,32.4706830323935
"165",2015,246,2015-09-03,6.698,6.698,2015-09-03,14.6863286380312,21.3843286380312,10.0506344598747,31.4349630979059
"166",2015,247,2015-09-04,6.698,6.698,2015-09-04,11.5192593238855,18.2172593238855,8.56211188222619,26.7793712061117
"167",2015,248,2015-09-05,6.698,6.698,2015-09-05,10.8830058356684,17.5810058356684,8.26307274276415,25.8440785784325
"168",2015,249,2015-09-06,6.698,6.698,2015-09-06,11.1797789750892,17.8777789750892,8.40255611829192,26.2803350933811
"169",2015,250,2015-09-07,23.6708804346446,23.6708804346446,2015-09-07,13.1294979346068,36.8003783692514,17.2961778335482,54.0965562027996
"170",2015,251,2015-09-08,20.7886931910257,20.7886931910257,2015-09-08,15.5332518832215,36.3219450742472,17.0713141848962,53.3932592591434
"171",2015,252,2015-09-09,6.698,6.698,2015-09-09,15.707542837436,22.405542837436,10.5306051335949,32.9361479710309
"172",2016,196,2016-07-14,6.698,6.698,2016-07-14,26.7832307812095,33.4812307812095,15.7361784671685,49.217409248378
"173",2016,197,2016-07-15,7.01824302706877,7.01824302706877,2016-07-15,24.4746654502958,31.4929084773646,14.8016669843613,46.2945754617259
"174",2016,198,2016-07-16,6.698,6.698,2016-07-16,17.5886741800521,24.2866741800521,11.4147368646245,35.7014110446766
"175",2016,199,2016-07-17,18.2267489744756,18.2267489744756,2016-07-17,23.3245116596464,41.551260634122,19.5290924980373,61.0803531321593
"176",2016,200,2016-07-18,6.698,6.698,2016-07-18,29.7756005003626,36.4736005003626,17.1425922351704,53.616192735533
"177",2016,201,2016-07-19,6.698,6.698,2016-07-19,20.6017471197366,27.2997471197366,12.8308811462762,40.1306282660128
"178",2016,202,2016-07-20,6.698,6.698,2016-07-20,19.1413581150739,25.8393581150739,12.1444983140847,37.9838564291586
"179",2016,203,2016-07-21,96.0458045521855,96.0458045521855,2016-07-21,143.407020001361,239.452824553546,112.542827540167,351.995652093713
"180",2016,204,2016-07-22,6.698,6.698,2016-07-22,814.660928409869,821.358928409869,386.038696352638,1207.39762476251
"181",2016,205,2016-07-23,48.0093504918707,48.0093504918707,2016-07-23,181.031599047437,229.040949539308,107.649246283475,336.690195822782
"182",2016,206,2016-07-24,6.698,6.698,2016-07-24,254.986808218661,261.684808218661,122.991859862771,384.676668081432
"183",2016,207,2016-07-25,6.698,6.698,2016-07-25,100.126156807531,106.824156807531,50.2073536995396,157.031510507071
"184",2016,208,2016-07-26,6.698,6.698,2016-07-26,53.6040895033876,60.3020895033876,28.3419820665922,88.6440715699798
"185",2016,209,2016-07-27,6.698,6.698,2016-07-27,34.722691810531,41.420691810531,19.4677251509496,60.8884169614806
"186",2016,210,2016-07-28,6.698,6.698,2016-07-28,38.0274703480844,44.7254703480844,21.0209710635997,65.7464414116841
"187",2016,211,2016-07-29,11.1814023789627,11.1814023789627,2016-07-29,61.7419507641392,72.9233531431019,34.2739759772579,107.19732912036
"188",2016,212,2016-07-30,6.698,6.698,2016-07-30,33.8334092371234,40.5314092371234,19.049762341448,59.5811715785714
"189",2016,213,2016-07-31,6.698,6.698,2016-07-31,28.8011260841945,35.4991260841945,16.6845892595714,52.1837153437659
"190",2016,214,2016-08-01,6.698,6.698,2016-08-01,28.5157102812886,35.2137102812886,16.5504438322056,51.7641541134942
"191",2016,215,2016-08-02,6.698,6.698,2016-08-02,27.9838029734634,34.6818029734634,16.3004473975278,50.9822503709912
"192",2016,216,2016-08-03,6.698,6.698,2016-08-03,26.3304533041155,33.0284533041155,15.5233730529343,48.5518263570498
"193",2016,217,2016-08-04,58.2571273580712,58.2571273580712,2016-08-04,21.7691567211576,80.0262840792288,37.6123535172375,117.638637596466
"194",2016,218,2016-08-05,6.698,6.698,2016-08-05,103.090857407953,109.788857407953,51.6007629817379,161.389620389691
"195",2016,219,2016-08-06,6.698,6.698,2016-08-06,74.8995179000459,81.5975179000459,38.3508334130216,119.948351313067
"196",2016,220,2016-08-07,6.698,6.698,2016-08-07,47.6255642729569,54.3235642729569,25.5320752082897,79.8556394812466
"197",2016,221,2016-08-08,6.698,6.698,2016-08-08,32.829597888294,39.527597888294,18.5779710074982,58.1055688957922
"198",2016,222,2016-08-09,6.698,6.698,2016-08-09,29.6440935627342,36.3420935627342,17.0807839744851,53.4228775372193
"199",2016,223,2016-08-10,6.698,6.698,2016-08-10,26.3913124629241,33.0893124629241,15.5519768575743,48.6412893204984
"200",2016,224,2016-08-11,11.5016454060315,11.5016454060315,2016-08-11,31.209494939835,42.7111403458665,20.0742359625573,62.7853763084237
"201",2016,225,2016-08-12,37.1210875715327,37.1210875715327,2016-08-12,31.5701086479054,68.6911962194381,32.2848622231359,100.976058442574
"202",2016,226,2016-08-13,8.93970118948136,8.93970118948136,2016-08-13,36.5047291731744,45.4444303626558,21.3588822704482,66.803312633104
"203",2016,227,2016-08-14,6.698,6.698,2016-08-14,32.2238184214127,38.9218184214127,18.293254658064,57.2150730794767
"204",2016,228,2016-08-15,6.698,6.698,2016-08-15,29.4444030976941,36.1424030976941,16.9869294559162,53.1293325536103
"205",2016,229,2016-08-16,6.698,6.698,2016-08-16,23.1090767327498,29.8070767327498,14.0093260643924,43.8164027971422
"206",2016,230,2016-08-17,18.8672350286131,18.8672350286131,2016-08-17,36.927321980468,55.7945570090811,26.2234417942681,82.0179988033492
"207",2016,231,2016-08-18,9.90043027068765,9.90043027068765,2016-08-18,24.6835510459916,34.5839813166792,16.2544712188392,50.8384525355185
"208",2016,232,2016-08-19,94.4445894168417,94.4445894168417,2016-08-19,49.5399956627589,143.984585079601,67.6727549874123,211.657340067013
"209",2016,233,2016-08-20,15.6648047579254,15.6648047579254,2016-08-20,70.4587362997175,86.1235410576429,40.4780642970922,126.601605354735
"210",2016,234,2016-08-21,6.698,6.698,2016-08-21,69.6322086575182,76.3302086575182,35.8751980690336,112.205406726552
"211",2016,235,2016-08-22,6.698,6.698,2016-08-22,42.1400063968954,48.8380063968954,22.9538630065408,71.7918694034362
"212",2016,236,2016-08-23,6.698,6.698,2016-08-23,36.6026564371829,43.3006564371829,20.351308525476,63.6519649626589
"213",2016,237,2016-08-24,23.030394380507,23.030394380507,2016-08-24,42.166087082927,65.196481463434,30.642346287814,95.838827751248
"214",2016,238,2016-08-25,6.698,6.698,2016-08-25,37.7662004148543,44.4642004148543,20.8981741949815,65.3623746098358
"215",2016,239,2016-08-26,21.9095437857664,21.9095437857664,2016-08-26,33.3136045879118,55.2231483736782,25.9548797356288,81.178028109307
"216",2016,240,2016-08-27,37.1210875715327,37.1210875715327,2016-08-27,102.966151839112,140.087239410645,65.841002523003,205.928241933648
"217",2016,241,2016-08-28,6.698,6.698,2016-08-28,76.8229918895024,83.5209918895024,39.2548661880661,122.775858077569
"218",2016,242,2016-08-29,6.698,6.698,2016-08-29,47.6005070283425,54.2985070283425,25.520298303321,79.8188053316635
"219",2016,243,2016-08-30,10.8611593518939,10.8611593518939,2016-08-30,39.9084404528085,50.7695998047024,23.8617119082101,74.6313117129125
"220",2016,244,2016-08-31,6.698,6.698,2016-08-31,32.9526884111182,39.6506884111182,18.6358235532256,58.2865119643438
"221",2016,245,2016-09-01,6.698,6.698,2016-09-01,30.438579756969,37.136579756969,17.4541924857754,54.5907722427444
"222",2016,246,2016-09-02,6.698,6.698,2016-09-02,29.379797566963,36.077797566963,16.9565648564726,53.0343624234356
"223",2016,247,2016-09-03,6.698,6.698,2016-09-03,26.4886515539675,33.1866515539675,15.5977262303647,48.7843777843322
"224",2016,248,2016-09-04,6.698,6.698,2016-09-04,25.0308749292112,31.7288749292112,14.9125712167293,46.6414461459405
"225",2016,249,2016-09-05,6.698,6.698,2016-09-05,25.6394180638068,32.3374180638068,15.1985864899892,47.536004553796
"226",2016,250,2016-09-06,52.1725098437647,52.1725098437647,2016-09-06,30.215278542308,82.3877883860727,38.7222605414542,121.110048927527
"227",2016,251,2016-09-07,57.6166413039337,57.6166413039337,2016-09-07,238.949763671338,296.566404975272,139.386210338378,435.952615313649
"228",2016,252,2016-09-08,32.3174421655012,32.3174421655012,2016-09-08,243.35188557248,275.669327737981,129.564584036851,405.233911774832
"229",2017,196,2017-07-15,17.586262920338,17.586262920338,2017-07-15,54.8858277503644,72.4720906707024,34.0618826152301,106.533973285933
"230",2017,197,2017-07-16,6.698,6.698,2017-07-16,70.0085838594521,76.7065838594521,36.0520944139425,112.758678273395
"231",2017,198,2017-07-17,6.698,6.698,2017-07-17,58.7806165352449,65.4786165352449,30.7749497715651,96.25356630681
"232",2017,199,2017-07-18,19.5077210827506,19.5077210827506,2017-07-18,52.4003148432179,71.9080359259685,33.7967768852052,105.704812811174
"233",2017,200,2017-07-19,32.3174421655012,32.3174421655012,2017-07-19,67.2549692506439,99.5724114161451,46.7990333655882,146.371444781733
"234",2017,201,2017-07-20,28.1542828136073,28.1542828136073,2017-07-20,833.542959633291,861.697242446898,404.997703950042,1266.69494639694
"235",2017,202,2017-07-21,59.8583424934151,59.8583424934151,2017-07-21,375.421184545775,435.27952703919,204.581377708419,639.860904747609
"236",2017,203,2017-07-22,42.1382283289434,42.1382283289434,2017-07-22,874.767199307552,916.905427636495,430.945550989153,1347.85097862565
"237",2017,204,2017-07-23,24.4181141644717,24.4181141644717,2017-07-23,475.39858016525,499.816694329722,234.913846334969,734.730540664691
"238",2017,205,2017-07-24,6.698,6.698,2017-07-24,266.184770072216,272.882770072216,128.254901933942,401.137672006157
"239",2017,206,2017-07-25,6.698,6.698,2017-07-25,192.627877723578,199.325877723578,93.6831625300817,293.00904025366
"240",2017,207,2017-07-26,12.7826175143065,12.7826175143065,2017-07-26,185.115636353092,197.898253867398,93.0121793176773,290.910433185076
"241",2017,208,2017-07-27,6.698,6.698,2017-07-27,207.471764890032,214.169764890032,100.659789498315,314.829554388347
"242",2017,209,2017-07-28,6.698,6.698,2017-07-28,158.305883821869,165.003883821869,77.5518253962784,242.555709218147
"243",2017,210,2017-07-29,6.698,6.698,2017-07-29,126.135922743495,132.833922743495,62.4319436894426,195.265866432938
"244",2017,211,2017-07-30,6.698,6.698,2017-07-30,104.058325425466,110.756325425466,52.055472949969,162.811798375435
"245",2017,212,2017-07-31,6.698,6.698,2017-07-31,91.5255471933698,98.2235471933698,46.1650671808838,144.388614374254
"246",2017,213,2017-08-01,6.698,6.698,2017-08-01,82.5402027495782,89.2382027495782,41.9419552923017,131.18015804188
"247",2017,214,2017-08-02,6.698,6.698,2017-08-02,74.4221101254691,81.1201101254691,38.1264517589705,119.24656188444
"248",2017,215,2017-08-03,20.4684501639569,20.4684501639569,2017-08-03,65.5497680788581,86.018218242815,40.428562574123,126.446780816938
"249",2017,216,2017-08-04,7.6587290812063,7.6587290812063,2017-08-04,84.1202719052396,91.7790009864459,43.1361304636296,134.915131450075
"250",2017,217,2017-08-05,6.698,6.698,2017-08-05,71.2152817204495,77.9132817204495,36.6192424086113,114.532524129061
"251",2017,218,2017-08-06,6.698,6.698,2017-08-06,64.822276332868,71.520276332868,33.614529876448,105.134806209316
"252",2017,219,2017-08-07,6.698,6.698,2017-08-07,59.2230383042897,65.9210383042897,30.9828880030162,96.9039263073059
"253",2017,220,2017-08-08,6.698,6.698,2017-08-08,54.453098352001,61.151098352001,28.7410162254405,89.8921145774415
"254",2017,221,2017-08-09,6.698,6.698,2017-08-09,49.6577956327344,56.3557956327344,26.4872239473852,82.8430195801196
"255",2017,222,2017-08-10,40.0032748151516,40.0032748151516,2017-08-10,59.9544551271052,99.9577299422568,46.9801330728607,146.937863015118
"256",2017,223,2017-08-11,23.3506374075758,23.3506374075758,2017-08-11,66.1149521286231,89.4655895361989,42.0488270820135,131.514416618212
"257",2017,224,2017-08-12,6.698,6.698,2017-08-12,53.0000869725802,59.6980869725802,28.0581008771127,87.7561878496929
"258",2017,225,2017-08-13,6.698,6.698,2017-08-13,48.2701355523454,54.9681355523454,25.8350237096023,80.8031592619477
"259",2017,226,2017-08-14,6.698,6.698,2017-08-14,45.2346569012465,51.9326569012465,24.4083487435859,76.3410056448324
"260",2017,227,2017-08-15,6.698,6.698,2017-08-15,46.2458927358435,52.9438927358435,24.8836295858464,77.8275223216899
"261",2017,228,2017-08-16,60.4988285475526,60.4988285475526,2017-08-16,51.6482117480473,112.1470402956,52.709108938932,164.856149234532
"262",2017,229,2017-08-17,11.8218884331002,11.8218884331002,2017-08-17,158.296871819456,170.118760252556,79.9558173187014,250.074577571258
"263",2017,230,2017-08-18,6.698,6.698,2017-08-18,113.991671694148,120.689671694148,56.7241456962496,177.413817390398
"264",2017,231,2017-08-19,6.698,6.698,2017-08-19,70.4662848600487,77.1642848600487,36.2672138842229,113.431498744272
"265",2017,232,2017-08-20,6.698,6.698,2017-08-20,59.2469745370763,65.9449745370763,30.9941380324259,96.9391125695021
"266",2017,233,2017-08-21,6.698,6.698,2017-08-21,53.1559351547267,59.8539351547267,28.1313495227215,87.9852846774482
"267",2017,234,2017-08-22,6.698,6.698,2017-08-22,55.3597419876334,62.0577419876334,29.1671387341877,91.2248807218211
"268",2017,235,2017-08-23,6.698,6.698,2017-08-23,50.2327490295509,56.9307490295509,26.7574520438889,83.6882010734398
"269",2017,236,2017-08-24,6.698,6.698,2017-08-24,46.3340093904858,53.0320093904858,24.9250444135283,77.9570538040141
"270",2017,237,2017-08-25,6.698,6.698,2017-08-25,43.8408352626,50.5388352626,23.753252573422,74.292087836022
"271",2017,238,2017-08-26,7.01824302706877,7.01824302706877,2017-08-26,46.1682138189583,53.1864568460271,24.9976347176327,78.1840915636598
"272",2017,239,2017-08-27,11.8218884331002,11.8218884331002,2017-08-27,55.1495091073138,66.971397540414,31.4765568439946,98.4479543844086
"273",2017,240,2017-08-28,6.698,6.698,2017-08-28,57.5535950515614,64.2515950515614,30.1982496742339,94.4498447257952
"274",2017,241,2017-08-29,6.698,6.698,2017-08-29,50.2876988341142,56.9856988341142,26.7832784520337,83.7689772861479
"275",2017,242,2017-08-30,17.586262920338,17.586262920338,2017-08-30,47.9091261931969,65.4953891135349,30.7828328833614,96.2782219968963
"276",2017,243,2017-08-31,6.698,6.698,2017-08-31,68.7099312522754,75.4079312522754,35.4417276885694,110.849658940845
"277",2017,244,2017-09-01,6.698,6.698,2017-09-01,56.930303596349,63.628303596349,29.905302690284,93.533606286633
"278",2017,245,2017-09-02,8.93970118948136,8.93970118948136,2017-09-02,40.3692510717317,49.3089522612131,23.1752075627701,72.4841598239832
"279",2017,246,2017-09-03,6.698,6.698,2017-09-03,31.462153461527,38.160153461527,17.9352721269177,56.0954255884447
"280",2017,247,2017-09-04,7.01824302706877,7.01824302706877,2017-09-04,44.3500027065265,51.3682457335953,24.1430754947898,75.5113212283851
"281",2017,248,2017-09-05,7.33848605413753,7.33848605413753,2017-09-05,35.6133240566112,42.9518101107487,20.1873507520519,63.1391608628006
"282",2017,249,2017-09-06,6.698,6.698,2017-09-06,28.8927330578215,35.5907330578215,16.7276445371761,52.3183775949976
"283",2017,250,2017-09-07,7.01824302706877,7.01824302706877,2017-09-07,26.0341890053134,33.0524320323822,15.5346430552196,48.5870750876018
"284",2017,251,2017-09-08,7.97897210827506,7.97897210827506,2017-09-08,24.4211467568844,32.4001188651595,15.2280558666249,47.6281747317844
"285",2017,252,2017-09-09,6.698,6.698,2017-09-09,20.4682674999888,27.1662674999888,12.7681457249947,39.9344132249835
"286",2018,196,2018-07-15,6.698,6.698,2018-07-15,27.9678887459228,34.6658887459228,16.2929677105837,50.9588564565065
"287",2018,197,2018-07-16,6.698,6.698,2018-07-16,29.1212505804586,35.8192505804586,16.8350477728155,52.6542983532741
"288",2018,198,2018-07-17,6.698,6.698,2018-07-17,23.9940260615704,30.6920260615704,14.4252522489381,45.1172783105085
"289",2018,199,2018-07-18,6.698,6.698,2018-07-18,19.6397430867855,26.3377430867855,12.3787392507892,38.7164823375747
"290",2018,200,2018-07-19,16.6255338391317,16.6255338391317,2018-07-19,22.9028065367578,39.5283403758895,18.5783199766681,58.1066603525576
"291",2018,201,2018-07-20,38.4020596798078,38.4020596798078,2018-07-20,81.2825381611275,119.684597840935,56.2517609852396,175.936358826175
"292",2018,202,2018-07-21,27.8340397865385,27.8340397865385,2018-07-21,69.174785104813,97.0088248913515,45.5941476989352,142.602972590287
"293",2018,203,2018-07-22,17.2660198932693,17.2660198932693,2018-07-22,36.1277056261777,53.393725519447,25.0950509941401,78.4887765135871
"294",2018,204,2018-07-23,6.698,6.698,2018-07-23,28.647107066562,35.345107066562,16.6122003212841,51.9573073878461
"295",2018,205,2018-07-24,6.698,6.698,2018-07-24,25.0832522626251,31.7812522626251,14.9371885634338,46.7184408260589
"296",2018,206,2018-07-25,6.698,6.698,2018-07-25,19.3316012512159,26.0296012512159,12.2339125880715,38.2635138392874
"297",2018,207,2018-07-26,6.698,6.698,2018-07-26,28.7399749902744,35.4379749902744,16.655848245429,52.0938232357034
"298",2018,208,2018-07-27,6.698,6.698,2018-07-27,24.5326418355366,31.2306418355366,14.6784016627022,45.9090434982388
"299",2018,209,2018-07-28,6.698,6.698,2018-07-28,21.2009772279238,27.8989772279238,13.1125192971242,41.011496525048
"300",2018,210,2018-07-29,6.698,6.698,2018-07-29,19.4467252141487,26.1447252141487,12.2880208506499,38.4327460647986
"301",2018,211,2018-07-30,13.7433465955128,13.7433465955128,2018-07-30,20.5622842960344,34.3056308915472,16.1236465190272,50.4292774105744
"302",2018,212,2018-07-31,6.698,6.698,2018-07-31,26.5884496404747,33.2864496404747,15.6446313310231,48.9310809714978
"303",2018,213,2018-08-01,12.4623744872378,12.4623744872378,2018-08-01,19.9520537807991,32.4144282680369,15.2347812859773,47.6492095540142
"304",2018,214,2018-08-02,7.01824302706877,7.01824302706877,2018-08-02,34.4989780162837,41.5172210433525,19.5130938903757,61.0303149337281
"305",2018,215,2018-08-03,6.698,6.698,2018-08-03,21.5391671747659,28.2371671747659,13.27146857214,41.5086357469059
"306",2018,216,2018-08-04,10.060551784222,10.060551784222,2018-08-04,16.2469025092051,26.3074542934271,12.3645035179107,38.6719578113378
"307",2018,217,2018-08-05,13.4231035684441,13.4231035684441,2018-08-05,22.3127710904608,35.7358746589049,16.7958610896853,52.5317357485902
"308",2018,218,2018-08-06,31.0364700572262,31.0364700572262,2018-08-06,47.8043930823158,78.840863139542,37.0552056755847,115.896068815127
"309",2018,219,2018-08-07,7.01824302706877,7.01824302706877,2018-08-07,40.2351449400127,47.2533879670815,22.2090923445283,69.4624803116098
"310",2018,220,2018-08-08,6.698,6.698,2018-08-08,22.6280476727673,29.3260476727673,13.7832424062006,43.1092900789679
"311",2018,221,2018-08-09,21.749422272232,21.749422272232,2018-08-09,37.1476796865077,58.8971019587397,27.6816379206077,86.5787398793474
"312",2018,222,2018-08-10,6.698,6.698,2018-08-10,35.5500470339713,42.2480470339713,19.8565821059665,62.1046291399378
"313",2018,223,2018-08-11,6.698,6.698,2018-08-11,22.7997414568713,29.4977414568713,13.8639384847295,43.3616799416008
"314",2018,224,2018-08-12,6.698,6.698,2018-08-12,20.2153664806506,26.9133664806506,12.6492822459058,39.5626487265564
"315",2018,225,2018-08-13,6.698,6.698,2018-08-13,19.5361036608391,26.2341036608391,12.3300287205944,38.5641323814335
"316",2018,226,2018-08-14,6.698,6.698,2018-08-14,17.626292785766,24.324292785766,11.43241760931,35.756710395076
"317",2018,227,2018-08-15,8.29921513534383,8.29921513534383,2018-08-15,18.1860687450013,26.4852838803451,12.4480834237622,38.9333673041073
"318",2018,228,2018-08-16,48.6498365460083,48.6498365460083,2018-08-16,26.8819345517123,75.5317710977206,35.4999324159287,111.031703513649
"319",2018,229,2018-08-17,55.3749401144523,55.3749401144523,2018-08-17,575.059805574365,630.434745688817,296.304330473744,926.739076162561
"320",2018,230,2018-08-18,6.698,6.698,2018-08-18,158.813731646662,165.511731646662,77.7905138739311,243.302245520593
"321",2018,231,2018-08-19,6.698,6.698,2018-08-19,59.1199581041765,65.8179581041765,30.934440308963,96.7523984131394
"322",2018,232,2018-08-20,127.749864231993,127.749864231993,2018-08-20,1717.8700926571,1845.61995688909,867.441379737874,2713.06133662697
"323",2018,233,2018-08-21,11.1814023789627,11.1814023789627,2018-08-21,8780.43667439991,8791.61807677887,4132.06049608607,12923.6785728649
"324",2018,234,2018-08-22,6.698,6.698,2018-08-22,593.167282508846,599.865282508846,281.936682779158,881.801965288004
"325",2018,235,2018-08-23,6.698,6.698,2018-08-23,258.257749085789,264.955749085789,124.529202070321,389.48495115611
"326",2018,236,2018-08-24,7.6587290812063,7.6587290812063,2018-08-24,171.188127880923,178.846856962129,84.0580227722008,262.90487973433
"327",2018,237,2018-08-25,6.698,6.698,2018-08-25,138.002316641752,144.700316641752,68.0091488216234,212.709465463375
"328",2018,238,2018-08-26,33.2781712467075,33.2781712467075,2018-08-26,118.633209854615,151.911381101322,71.3983491176216,223.309730218944
"329",2018,239,2018-08-27,7.6587290812063,7.6587290812063,2018-08-27,158.196783282875,165.855512364081,77.9520908111182,243.8076031752
"330",2018,240,2018-08-28,40.9640038963579,40.9640038963579,2018-08-28,114.794191109269,155.758195005627,73.2063516526446,228.964546658272
"331",2018,241,2018-08-29,23.831001948179,23.831001948179,2018-08-29,368.028252970475,391.859254918654,184.173849811767,576.033104730421
"332",2018,242,2018-08-30,6.698,6.698,2018-08-30,142.718143696088,149.416143696088,70.2255875371614,219.641731233249
"333",2018,243,2018-08-31,6.698,6.698,2018-08-31,80.6870308251782,87.3850308251782,41.0709644878338,128.455995313012
"334",2018,244,2018-09-01,10.5409163248252,10.5409163248252,2018-09-01,67.2441422207495,77.7850585455747,36.5589775164201,114.344036061995
"335",2018,245,2018-09-02,55.3749401144523,55.3749401144523,2018-09-02,190.3349029195,245.709843033952,115.483626225958,361.19346925991
"336",2018,246,2018-09-03,21.749422272232,21.749422272232,2018-09-03,234.283909578102,256.033331850334,120.335665969657,376.368997819991
"337",2018,247,2018-09-04,26.0727031376603,26.0727031376603,2018-09-04,132.574612684439,158.647315822099,74.5642384363867,233.211554258486
"338",2018,248,2018-09-05,30.3959840030886,30.3959840030886,2018-09-05,182.665033125382,213.061017128471,100.138678050381,313.199695178852
"339",2018,249,2018-09-06,18.5469920015443,18.5469920015443,2018-09-06,219.244645652709,237.791637654253,111.762069697499,349.553707351752
"340",2018,250,2018-09-07,6.698,6.698,2018-09-07,108.840219949713,115.538219949713,54.3029633763651,169.841183326078
"341",2018,251,2018-09-08,6.698,6.698,2018-09-08,83.7716007905648,90.4696007905648,42.5207123715655,132.99031316213
"342",2018,252,2018-09-09,6.698,6.698,2018-09-09,71.9657773646836,78.6637773646836,36.9719753614013,115.635752726085
