"","Yr","daynum_bin","X.x","Depth_m","date","TotP_mgL","daynum.x","sampledate.x","daynum.y","Vol_epi_m3","Thermo_depth_m","Strat_TotP_kgday","Unstr_TotP_kgday","Int_TotP_kgday","X.1","X.y","sampledate.y","epi_TotP_mgL","epi_DisP_mgL","hypo_TotP_mgL","hypo_DisP_mgL","daynum","TotP_HEratio","DisP_HEratio"
"1",2013,196,11,10,"2013-07-08",0.14,189,"2013-07-08",189,0,9.57196253509884,0,33.552,33.552,1,1,"2013-07-08",0.03,0,0.315,0.265,189,10.5,NA
"2",2013,197,NA,NA,NA,NA,NA,NA,NA,NA,NA,32.9734864973964,33.552,66.5254864973964,2,NA,NA,0.03,NA,0.317321428571429,NA,NA,10.577380952381,NA
"3",2013,198,NA,NA,NA,NA,NA,NA,NA,NA,NA,65.9469729947927,33.552,99.4989729947928,3,NA,NA,0.03,NA,0.319642857142857,NA,NA,10.6547619047619,NA
"4",2013,199,NA,NA,NA,NA,NA,NA,NA,NA,NA,98.9204594921891,33.552,132.472459492189,4,NA,NA,0.03,NA,0.321964285714286,NA,NA,10.7321428571429,NA
"5",2013,200,NA,NA,NA,NA,NA,NA,NA,NA,NA,131.893945989585,33.552,165.445945989585,5,NA,NA,0.03,NA,0.324285714285714,NA,NA,10.8095238095238,NA
"6",2013,201,NA,NA,NA,NA,NA,NA,NA,NA,NA,164.867432486982,33.552,198.419432486982,6,NA,NA,0.03,NA,0.326607142857143,NA,NA,10.8869047619048,NA
"7",2013,202,NA,NA,NA,NA,NA,NA,NA,NA,NA,197.840918984378,33.552,231.392918984378,7,NA,NA,0.03,NA,0.328928571428571,NA,NA,10.9642857142857,NA
"8",2013,203,NA,NA,NA,NA,NA,NA,NA,NA,NA,230.814405481775,33.552,264.366405481775,8,NA,NA,0.03,NA,0.33125,NA,NA,11.0416666666667,NA
"9",2013,204,NA,NA,NA,NA,NA,NA,NA,NA,NA,263.787891979171,33.552,297.339891979171,9,NA,NA,0.03,NA,0.333571428571429,NA,NA,11.1190476190476,NA
"10",2013,205,NA,NA,NA,NA,NA,NA,NA,NA,NA,296.761378476567,33.552,330.313378476567,10,NA,NA,0.03,NA,0.335892857142857,NA,NA,11.1964285714286,NA
"11",2013,206,NA,NA,NA,NA,NA,NA,NA,NA,NA,329.734864973964,33.552,363.286864973964,11,NA,NA,0.03,NA,0.338214285714286,NA,NA,11.2738095238095,NA
"12",2013,207,NA,NA,NA,NA,NA,NA,NA,NA,NA,362.70835147136,33.552,396.26035147136,12,NA,NA,0.03,NA,0.340535714285714,NA,NA,11.3511904761905,NA
"13",2013,208,NA,NA,NA,NA,NA,NA,NA,NA,NA,395.681837968756,33.552,429.233837968757,13,NA,NA,0.03,NA,0.342857142857143,NA,NA,11.4285714285714,NA
"14",2013,209,NA,NA,NA,NA,NA,NA,NA,NA,NA,428.655324466153,33.552,462.207324466153,14,NA,NA,0.03,NA,0.345178571428571,NA,NA,11.5059523809524,NA
"15",2013,210,39,12,"2013-07-22",0.1,203,"2013-07-22",203,64628033.5348969,12.0720798865455,461.628810963549,33.552,495.180810963549,15,NA,NA,0.03,NA,0.3475,NA,NA,11.5833333333333,NA
"16",2013,211,NA,NA,NA,NA,NA,NA,NA,NA,NA,413.994642254709,33.552,447.546642254709,16,NA,NA,0.03,NA,0.349821428571429,NA,NA,11.6607142857143,NA
"17",2013,212,NA,NA,NA,NA,NA,NA,NA,NA,NA,366.360473545869,33.552,399.912473545869,17,NA,NA,0.03,NA,0.352142857142857,NA,NA,11.7380952380953,NA
"18",2013,213,NA,NA,NA,NA,NA,NA,NA,NA,NA,318.72630483703,33.552,352.27830483703,18,NA,NA,0.03,NA,0.354464285714286,NA,NA,11.8154761904762,NA
"19",2013,214,NA,NA,NA,NA,NA,NA,NA,NA,NA,271.09213612819,33.552,304.64413612819,19,NA,NA,0.03,NA,0.356785714285714,NA,NA,11.8928571428572,NA
"20",2013,215,NA,NA,NA,NA,NA,NA,NA,NA,NA,223.45796741935,33.552,257.00996741935,20,NA,NA,0.03,NA,0.359107142857143,NA,NA,11.9702380952381,NA
"21",2013,216,NA,NA,NA,NA,NA,NA,NA,NA,NA,175.82379871051,33.552,209.37579871051,21,NA,NA,0.03,NA,0.361428571428571,NA,NA,12.0476190476191,NA
"22",2013,217,NA,NA,NA,NA,NA,NA,NA,NA,NA,128.18963000167,33.552,161.74163000167,22,NA,NA,0.03,NA,0.36375,NA,NA,12.125,NA
"23",2013,218,NA,NA,NA,NA,NA,NA,NA,NA,NA,80.5554612928301,33.552,114.10746129283,23,NA,NA,0.03,NA,0.366071428571429,NA,NA,12.202380952381,NA
"24",2013,219,NA,NA,NA,NA,NA,NA,NA,NA,NA,32.9212925839901,33.552,66.4732925839901,24,NA,NA,0.03,NA,0.368392857142857,NA,NA,12.2797619047619,NA
"25",2013,220,NA,NA,NA,NA,NA,NA,NA,NA,NA,-14.7128761248497,33.552,18.8391238751503,25,NA,NA,0.03,NA,0.370714285714286,NA,NA,12.3571428571429,NA
"26",2013,221,NA,NA,NA,NA,NA,NA,NA,NA,NA,-62.3470448336896,33.552,-28.7950448336896,26,NA,NA,0.03,NA,0.373035714285714,NA,NA,12.4345238095238,NA
"27",2013,222,NA,NA,NA,NA,NA,NA,NA,NA,NA,-109.981213542529,33.552,-76.4292135425295,27,NA,NA,0.03,NA,0.375357142857143,NA,NA,12.5119047619048,NA
"28",2013,223,NA,NA,NA,NA,NA,NA,NA,NA,NA,-157.615382251369,33.552,-124.063382251369,28,NA,NA,0.03,NA,0.377678571428571,NA,NA,12.5892857142857,NA
"29",2013,224,63,10,"2013-08-05",0.06,217,"2013-08-05",217,-47891561.8907155,10.2194082466726,-205.249550960209,33.552,-171.697550960209,29,2,"2013-08-05",0.03,0,0.38,0.34,217,12.6666666666667,NA
"30",2013,225,NA,NA,NA,NA,NA,NA,NA,NA,NA,-190.05314068666,33.552,-156.50114068666,30,NA,NA,0.0296428571428571,NA,0.382142857142857,NA,NA,13,NA
"31",2013,226,NA,NA,NA,NA,NA,NA,NA,NA,NA,-174.856730413111,33.552,-141.304730413111,31,NA,NA,0.0292857142857143,NA,0.384285714285714,NA,NA,13.3333333333334,NA
"32",2013,227,NA,NA,NA,NA,NA,NA,NA,NA,NA,-159.660320139562,33.552,-126.108320139562,32,NA,NA,0.0289285714285714,NA,0.386428571428571,NA,NA,13.6666666666667,NA
"33",2013,228,NA,NA,NA,NA,NA,NA,NA,NA,NA,-144.463909866013,33.552,-110.911909866013,33,NA,NA,0.0285714285714286,NA,0.388571428571429,NA,NA,14,NA
"34",2013,229,NA,NA,NA,NA,NA,NA,NA,NA,NA,-129.267499592464,33.552,-95.7154995924642,34,NA,NA,0.0282142857142857,NA,0.390714285714286,NA,NA,14.3333333333334,NA
"35",2013,230,NA,NA,NA,NA,NA,NA,NA,NA,NA,-114.071089318915,33.552,-80.5190893189152,35,NA,NA,0.0278571428571429,NA,0.392857142857143,NA,NA,14.6666666666667,NA
"36",2013,231,NA,NA,NA,NA,NA,NA,NA,NA,NA,-98.8746790453662,33.552,-65.3226790453662,36,NA,NA,0.0275,NA,0.395,NA,NA,15,NA
"37",2013,232,NA,NA,NA,NA,NA,NA,NA,NA,NA,-83.6782687718172,33.552,-50.1262687718172,37,NA,NA,0.0271428571428571,NA,0.397142857142857,NA,NA,15.3333333333334,NA
"38",2013,233,NA,NA,NA,NA,NA,NA,NA,NA,NA,-68.4818584982682,33.552,-34.9298584982682,38,NA,NA,0.0267857142857143,NA,0.399285714285714,NA,NA,15.6666666666667,NA
"39",2013,234,NA,NA,NA,NA,NA,NA,NA,NA,NA,-53.2854482247191,33.552,-19.7334482247192,39,NA,NA,0.0264285714285714,NA,0.401428571428571,NA,NA,16,NA
"40",2013,235,NA,NA,NA,NA,NA,NA,NA,NA,NA,-38.0890379511702,33.552,-4.53703795117016,40,NA,NA,0.0260714285714286,NA,0.403571428571429,NA,NA,16.3333333333334,NA
"41",2013,236,NA,NA,NA,NA,NA,NA,NA,NA,NA,-22.8926276776212,33.552,10.6593723223788,41,NA,NA,0.0257142857142857,NA,0.405714285714286,NA,NA,16.6666666666667,NA
"42",2013,237,NA,NA,NA,NA,NA,NA,NA,NA,NA,-7.69621740407212,33.552,25.8557825959279,42,NA,NA,0.0253571428571429,NA,0.407857142857143,NA,NA,17,NA
"43",2013,238,89,10,"2013-08-21",0.045,233,"2013-08-21",233,2333393.33717058,10.3096749134877,7.50019286947686,33.552,41.0521928694769,43,NA,NA,0.025,NA,0.41,NA,NA,17.3333333333333,NA
"44",2013,239,NA,NA,NA,NA,NA,NA,NA,NA,NA,4.64984271766919,33.552,38.2018427176692,44,NA,NA,0.0246428571428571,NA,0.412142857142857,NA,NA,17.6666666666667,NA
"45",2013,240,NA,NA,NA,NA,NA,NA,NA,NA,NA,1.79949256586153,33.552,35.3514925658615,45,NA,NA,0.0242857142857143,NA,0.414285714285714,NA,NA,18,NA
"46",2013,241,NA,NA,NA,NA,NA,NA,NA,NA,NA,-1.05085758594614,33.552,32.5011424140539,46,NA,NA,0.0239285714285714,NA,0.416428571428571,NA,NA,18.3333333333333,NA
"47",2013,242,NA,NA,NA,NA,NA,NA,NA,NA,NA,-3.90120773775381,33.552,29.6507922622462,47,NA,NA,0.0235714285714286,NA,0.418571428571429,NA,NA,18.6666666666667,NA
"48",2013,243,NA,NA,NA,NA,NA,NA,NA,NA,NA,-6.75155788956148,33.552,26.8004421104385,48,NA,NA,0.0232142857142857,NA,0.420714285714286,NA,NA,19,NA
"49",2013,244,NA,NA,NA,NA,NA,NA,NA,NA,NA,-9.60190804136915,33.552,23.9500919586309,49,NA,NA,0.0228571428571429,NA,0.422857142857143,NA,NA,19.3333333333333,NA
"50",2013,245,NA,NA,NA,NA,NA,NA,NA,NA,NA,-12.4522581931768,33.552,21.0997418068232,50,NA,NA,0.0225,NA,0.425,NA,NA,19.6666666666667,NA
"51",2013,246,NA,NA,NA,NA,NA,NA,NA,NA,NA,-15.3026083449845,33.552,18.2493916550155,51,NA,NA,0.0221428571428571,NA,0.427142857142857,NA,NA,20,NA
"52",2013,247,NA,NA,NA,NA,NA,NA,NA,NA,NA,-18.1529584967922,33.552,15.3990415032078,52,NA,NA,0.0217857142857143,NA,0.429285714285714,NA,NA,20.3333333333333,NA
"53",2013,248,NA,NA,NA,NA,NA,NA,NA,NA,NA,-21.0033086485998,33.552,12.5486913514002,53,NA,NA,0.0214285714285714,NA,0.431428571428571,NA,NA,20.6666666666667,NA
"54",2013,249,NA,NA,NA,NA,NA,NA,NA,NA,NA,-23.8536588004075,33.552,9.69834119959251,54,NA,NA,0.0210714285714286,NA,0.433571428571429,NA,NA,21,NA
"55",2013,250,NA,NA,NA,NA,NA,NA,NA,NA,NA,-26.7040089522152,33.552,6.84799104778484,55,NA,NA,0.0207142857142857,NA,0.435714285714286,NA,NA,21.3333333333333,NA
"56",2013,251,NA,NA,NA,NA,NA,NA,NA,NA,NA,-29.5543591040228,33.552,3.99764089597717,56,NA,NA,0.0203571428571429,NA,0.437857142857143,NA,NA,21.6666666666667,NA
"57",2013,252,115,10,"2013-09-04",0.03,247,"2013-09-04",247,-15122197.6527209,9.72467693852751,-32.4047092558305,33.552,1.1472907441695,57,3,"2013-09-04",0.02,0,0.44,0.4,247,22,NA
"58",2014,196,131,9,NA,0.08,NA,"2014-07-21",202,0,9.35724530512201,0,33.552,33.552,58,NA,NA,0.0206666666666667,NA,0.436333333333333,NA,NA,21.3888888888889,NA
"59",2014,197,NA,NA,NA,NA,NA,NA,NA,NA,NA,67.1501156537462,33.552,100.702115653746,59,NA,NA,0.0213333333333333,NA,0.432666666666667,NA,NA,20.7777777777778,NA
"60",2014,198,NA,NA,NA,NA,NA,NA,NA,NA,NA,134.300231307492,33.552,167.852231307492,60,NA,NA,0.022,NA,0.429,NA,NA,20.1666666666667,NA
"61",2014,199,NA,NA,NA,NA,NA,NA,NA,NA,NA,201.450346961239,33.552,235.002346961239,61,NA,NA,0.0226666666666667,NA,0.425333333333333,NA,NA,19.5555555555555,NA
"62",2014,200,NA,NA,NA,NA,NA,NA,NA,NA,NA,268.600462614985,33.552,302.152462614985,62,NA,NA,0.0233333333333333,NA,0.421666666666667,NA,NA,18.9444444444444,NA
"63",2014,201,NA,NA,NA,NA,NA,NA,NA,NA,NA,335.750578268731,33.552,369.302578268731,63,NA,NA,0.024,NA,0.418,NA,NA,18.3333333333333,NA
"64",2014,202,NA,NA,NA,NA,NA,NA,NA,NA,NA,402.900693922477,33.552,436.452693922477,64,NA,NA,0.0246666666666667,NA,0.414333333333333,NA,NA,17.7222222222222,NA
"65",2014,203,NA,NA,NA,NA,NA,NA,NA,NA,NA,470.050809576224,33.552,503.602809576224,65,NA,NA,0.0253333333333333,NA,0.410666666666667,NA,NA,17.1111111111111,NA
"66",2014,204,NA,NA,NA,NA,NA,NA,NA,NA,NA,537.20092522997,33.552,570.75292522997,66,NA,NA,0.026,NA,0.407,NA,NA,16.5,NA
"67",2014,205,NA,NA,NA,NA,NA,NA,NA,NA,NA,604.351040883716,33.552,637.903040883716,67,NA,NA,0.0266666666666667,NA,0.403333333333333,NA,NA,15.8888888888889,NA
"68",2014,206,NA,NA,NA,NA,NA,NA,NA,NA,NA,671.501156537462,33.552,705.053156537462,68,NA,NA,0.0273333333333333,NA,0.399666666666667,NA,NA,15.2777777777778,NA
"69",2014,207,NA,NA,NA,NA,NA,NA,NA,NA,NA,738.651272191208,33.552,772.203272191208,69,NA,NA,0.028,NA,0.396,NA,NA,14.6666666666666,NA
"70",2014,208,NA,NA,NA,NA,NA,NA,NA,NA,NA,805.801387844955,33.552,839.353387844955,70,NA,NA,0.0286666666666667,NA,0.392333333333333,NA,NA,14.0555555555555,NA
"71",2014,209,NA,NA,NA,NA,NA,NA,NA,NA,NA,872.951503498701,33.552,906.503503498701,71,NA,NA,0.0293333333333333,NA,0.388666666666667,NA,NA,13.4444444444444,NA
"72",2014,210,145,13,"2014-08-04",0.13,216,"2014-08-04",216,101241712.831802,13.2737525713426,940.101619152447,33.552,973.653619152447,72,4,"2014-08-04",0.03,0,0.385,0.345,216,12.8333333333333,NA
"73",2014,211,NA,NA,NA,NA,NA,NA,NA,NA,NA,884.840951108669,33.552,918.392951108669,73,NA,NA,0.0297619047619048,NA,0.38547619047619,NA,NA,13.0099206349206,NA
"74",2014,212,NA,NA,NA,NA,NA,NA,NA,NA,NA,829.580283064892,33.552,863.132283064892,74,NA,NA,0.0295238095238095,NA,0.385952380952381,NA,NA,13.1865079365079,NA
"75",2014,213,NA,NA,NA,NA,NA,NA,NA,NA,NA,774.319615021114,33.552,807.871615021114,75,NA,NA,0.0292857142857143,NA,0.386428571428571,NA,NA,13.3630952380952,NA
"76",2014,214,NA,NA,NA,NA,NA,NA,NA,NA,NA,719.058946977336,33.552,752.610946977336,76,NA,NA,0.029047619047619,NA,0.386904761904762,NA,NA,13.5396825396825,NA
"77",2014,215,NA,NA,NA,NA,NA,NA,NA,NA,NA,663.798278933559,33.552,697.350278933559,77,NA,NA,0.0288095238095238,NA,0.387380952380952,NA,NA,13.7162698412698,NA
"78",2014,216,NA,NA,NA,NA,NA,NA,NA,NA,NA,608.537610889781,33.552,642.089610889781,78,NA,NA,0.0285714285714286,NA,0.387857142857143,NA,NA,13.8928571428571,NA
"79",2014,217,NA,NA,NA,NA,NA,NA,NA,NA,NA,553.276942846003,33.552,586.828942846003,79,NA,NA,0.0283333333333333,NA,0.388333333333333,NA,NA,14.0694444444444,NA
"80",2014,218,NA,NA,NA,NA,NA,NA,NA,NA,NA,498.016274802226,33.552,531.568274802226,80,NA,NA,0.0280952380952381,NA,0.388809523809524,NA,NA,14.2460317460317,NA
"81",2014,219,NA,NA,NA,NA,NA,NA,NA,NA,NA,442.755606758448,33.552,476.307606758448,81,NA,NA,0.0278571428571429,NA,0.389285714285714,NA,NA,14.422619047619,NA
"82",2014,220,NA,NA,NA,NA,NA,NA,NA,NA,NA,387.49493871467,33.552,421.04693871467,82,NA,NA,0.0276190476190476,NA,0.389761904761905,NA,NA,14.5992063492063,NA
"83",2014,221,NA,NA,NA,NA,NA,NA,NA,NA,NA,332.234270670893,33.552,365.786270670893,83,NA,NA,0.0273809523809524,NA,0.390238095238095,NA,NA,14.7757936507936,NA
"84",2014,222,NA,NA,NA,NA,NA,NA,NA,NA,NA,276.973602627115,33.552,310.525602627115,84,NA,NA,0.0271428571428571,NA,0.390714285714286,NA,NA,14.9523809523809,NA
"85",2014,223,NA,NA,NA,NA,NA,NA,NA,NA,NA,221.712934583337,33.552,255.264934583337,85,NA,NA,0.0269047619047619,NA,0.391190476190476,NA,NA,15.1289682539682,NA
"86",2014,224,NA,NA,NA,NA,NA,NA,NA,NA,NA,166.45226653956,33.552,200.00426653956,86,NA,NA,0.0266666666666667,NA,0.391666666666667,NA,NA,15.3055555555555,NA
"87",2014,225,NA,NA,NA,NA,NA,NA,NA,NA,NA,111.191598495782,33.552,144.743598495782,87,NA,NA,0.0264285714285714,NA,0.392142857142857,NA,NA,15.4821428571428,NA
"88",2014,226,NA,NA,NA,NA,NA,NA,NA,NA,NA,55.9309304520043,33.552,89.4829304520043,88,NA,NA,0.0261904761904762,NA,0.392619047619048,NA,NA,15.6587301587301,NA
"89",2014,227,NA,NA,NA,NA,NA,NA,NA,NA,NA,0.670262408226563,33.552,34.2222624082266,89,NA,NA,0.025952380952381,NA,0.393095238095238,NA,NA,15.8353174603174,NA
"90",2014,228,NA,NA,NA,NA,NA,NA,NA,NA,NA,-54.5904056355512,33.552,-21.0384056355512,90,NA,NA,0.0257142857142857,NA,0.393571428571429,NA,NA,16.0119047619047,NA
"91",2014,229,NA,NA,NA,NA,NA,NA,NA,NA,NA,-109.851073679329,33.552,-76.2990736793289,91,NA,NA,0.0254761904761905,NA,0.394047619047619,NA,NA,16.188492063492,NA
"92",2014,230,NA,NA,NA,NA,NA,NA,NA,NA,NA,-165.111741723106,33.552,-131.559741723106,92,NA,NA,0.0252380952380952,NA,0.39452380952381,NA,NA,16.3650793650793,NA
"93",2014,231,NA,NA,NA,NA,NA,NA,NA,NA,NA,-220.372409766884,33.552,-186.820409766884,93,NA,NA,0.025,NA,0.395,NA,NA,16.5416666666667,NA
"94",2014,232,NA,NA,NA,NA,NA,NA,NA,NA,NA,-275.633077810662,33.552,-242.081077810662,94,NA,NA,0.0247619047619048,NA,0.39547619047619,NA,NA,16.718253968254,NA
"95",2014,233,NA,NA,NA,NA,NA,NA,NA,NA,NA,-330.893745854439,33.552,-297.341745854439,95,NA,NA,0.0245238095238095,NA,0.395952380952381,NA,NA,16.8948412698413,NA
"96",2014,234,NA,NA,NA,NA,NA,NA,NA,NA,NA,-386.154413898217,33.552,-352.602413898217,96,NA,NA,0.0242857142857143,NA,0.396428571428571,NA,NA,17.0714285714286,NA
"97",2014,235,NA,NA,NA,NA,NA,NA,NA,NA,NA,-441.415081941995,33.552,-407.863081941995,97,NA,NA,0.024047619047619,NA,0.396904761904762,NA,NA,17.2480158730159,NA
"98",2014,236,NA,NA,NA,NA,NA,NA,NA,NA,NA,-496.675749985773,33.552,-463.123749985773,98,NA,NA,0.0238095238095238,NA,0.397380952380952,NA,NA,17.4246031746032,NA
"99",2014,237,NA,NA,NA,NA,NA,NA,NA,NA,NA,-551.93641802955,33.552,-518.38441802955,99,NA,NA,0.0235714285714286,NA,0.397857142857143,NA,NA,17.6011904761905,NA
"100",2014,238,169,11,"2014-08-20",0.125,232,"2014-08-20",232,-68006073.6402127,10.6429566858411,-607.197086073328,33.552,-573.645086073328,100,NA,NA,0.0233333333333333,NA,0.398333333333333,NA,NA,17.7777777777778,NA
"101",2014,239,NA,NA,NA,NA,NA,NA,NA,NA,NA,-543.544864113895,33.552,-509.992864113895,101,NA,NA,0.0230952380952381,NA,0.398809523809524,NA,NA,17.9543650793651,NA
"102",2014,240,NA,NA,NA,NA,NA,NA,NA,NA,NA,-479.892642154463,33.552,-446.340642154463,102,NA,NA,0.0228571428571429,NA,0.399285714285714,NA,NA,18.1309523809524,NA
"103",2014,241,NA,NA,NA,NA,NA,NA,NA,NA,NA,-416.24042019503,33.552,-382.68842019503,103,NA,NA,0.0226190476190476,NA,0.399761904761905,NA,NA,18.3075396825397,NA
"104",2014,242,NA,NA,NA,NA,NA,NA,NA,NA,NA,-352.588198235597,33.552,-319.036198235597,104,NA,NA,0.0223809523809524,NA,0.400238095238095,NA,NA,18.484126984127,NA
"105",2014,243,NA,NA,NA,NA,NA,NA,NA,NA,NA,-288.935976276165,33.552,-255.383976276165,105,NA,NA,0.0221428571428571,NA,0.400714285714286,NA,NA,18.6607142857143,NA
"106",2014,244,NA,NA,NA,NA,NA,NA,NA,NA,NA,-225.283754316732,33.552,-191.731754316732,106,NA,NA,0.0219047619047619,NA,0.401190476190476,NA,NA,18.8373015873016,NA
"107",2014,245,NA,NA,NA,NA,NA,NA,NA,NA,NA,-161.6315323573,33.552,-128.0795323573,107,NA,NA,0.0216666666666667,NA,0.401666666666667,NA,NA,19.0138888888889,NA
"108",2014,246,NA,NA,NA,NA,NA,NA,NA,NA,NA,-97.9793103978671,33.552,-64.4273103978671,108,NA,NA,0.0214285714285714,NA,0.402142857142857,NA,NA,19.1904761904762,NA
"109",2014,247,NA,NA,NA,NA,NA,NA,NA,NA,NA,-34.3270884384344,33.552,-0.775088438434409,109,NA,NA,0.0211904761904762,NA,0.402619047619048,NA,NA,19.3670634920635,NA
"110",2014,248,NA,NA,NA,NA,NA,NA,NA,NA,NA,29.3251335209982,33.552,62.8771335209982,110,NA,NA,0.020952380952381,NA,0.403095238095238,NA,NA,19.5436507936508,NA
"111",2014,249,NA,NA,NA,NA,NA,NA,NA,NA,NA,92.9773554804307,33.552,126.529355480431,111,NA,NA,0.0207142857142857,NA,0.403571428571429,NA,NA,19.7202380952381,NA
"112",2014,250,NA,NA,NA,NA,NA,NA,NA,NA,NA,156.629577439863,33.552,190.181577439863,112,NA,NA,0.0204761904761905,NA,0.404047619047619,NA,NA,19.8968253968254,NA
"113",2014,251,NA,NA,NA,NA,NA,NA,NA,NA,NA,220.281799399296,33.552,253.833799399296,113,NA,NA,0.0202380952380952,NA,0.40452380952381,NA,NA,20.0734126984127,NA
"114",2014,252,196,12,"2014-09-02",0.12,245,"2014-09-02",245,33125635.825185,11.9244126171829,283.934021358729,33.552,317.486021358729,114,5,"2014-09-02",0.02,0,0.405,0.365,245,20.25,NA
"115",2015,196,220,10,"2015-07-08",0.105,189,"2015-07-20",201,4416757.5727725,10.2667437651453,33.1256817957937,33.552,66.6776817957937,115,6,"2015-07-08",0.0386666666666667,0.001,0.37,0.317,189,9.56896551724138,317
"116",2015,197,NA,NA,NA,NA,NA,NA,NA,NA,NA,85.6042162544543,33.552,119.156216254454,116,NA,NA,0.0379761904761905,NA,0.371607142857143,NA,NA,9.85221674876848,NA
"117",2015,198,NA,NA,NA,NA,NA,NA,NA,NA,NA,138.082750713115,33.552,171.634750713115,117,NA,NA,0.0372857142857143,NA,0.373214285714286,NA,NA,10.1354679802956,NA
"118",2015,199,NA,NA,NA,NA,NA,NA,NA,NA,NA,190.561285171775,33.552,224.113285171775,118,NA,NA,0.0365952380952381,NA,0.374821428571429,NA,NA,10.4187192118227,NA
"119",2015,200,NA,NA,NA,NA,NA,NA,NA,NA,NA,243.039819630436,33.552,276.591819630436,119,NA,NA,0.0359047619047619,NA,0.376428571428571,NA,NA,10.7019704433498,NA
"120",2015,201,NA,NA,NA,NA,NA,NA,NA,NA,NA,295.518354089096,33.552,329.070354089096,120,NA,NA,0.0352142857142857,NA,0.378035714285714,NA,NA,10.9852216748769,NA
"121",2015,202,NA,NA,NA,NA,NA,NA,NA,NA,NA,347.996888547757,33.552,381.548888547757,121,NA,NA,0.0345238095238095,NA,0.379642857142857,NA,NA,11.2684729064039,NA
"122",2015,203,NA,NA,NA,NA,NA,NA,NA,NA,NA,400.475423006418,33.552,434.027423006418,122,NA,NA,0.0338333333333334,NA,0.38125,NA,NA,11.551724137931,NA
"123",2015,204,NA,NA,NA,NA,NA,NA,NA,NA,NA,452.953957465078,33.552,486.505957465078,123,NA,NA,0.0331428571428572,NA,0.382857142857143,NA,NA,11.8349753694581,NA
"124",2015,205,NA,NA,NA,NA,NA,NA,NA,NA,NA,505.432491923739,33.552,538.984491923739,124,NA,NA,0.032452380952381,NA,0.384464285714286,NA,NA,12.1182266009852,NA
"125",2015,206,NA,NA,NA,NA,NA,NA,NA,NA,NA,557.911026382399,33.552,591.463026382399,125,NA,NA,0.0317619047619048,NA,0.386071428571429,NA,NA,12.4014778325123,NA
"126",2015,207,NA,NA,NA,NA,NA,NA,NA,NA,NA,610.38956084106,33.552,643.94156084106,126,NA,NA,0.0310714285714286,NA,0.387678571428571,NA,NA,12.6847290640394,NA
"127",2015,208,NA,NA,NA,NA,NA,NA,NA,NA,NA,662.86809529972,33.552,696.42009529972,127,NA,NA,0.0303809523809524,NA,0.389285714285714,NA,NA,12.9679802955665,NA
"128",2015,209,NA,NA,NA,NA,NA,NA,NA,NA,NA,715.346629758381,33.552,748.898629758381,128,NA,NA,0.0296904761904762,NA,0.390892857142857,NA,NA,13.2512315270936,NA
"129",2015,210,249,13,"2015-08-03",0.161625,215,"2015-08-03",215,66509217.6274622,12.839634195608,767.825164217041,33.552,801.377164217041,129,7,"2015-08-03",0.029,0,0.3925,0.2675,215,13.5344827586207,NA
"130",2015,211,NA,NA,NA,NA,NA,NA,NA,NA,NA,710.163397730191,33.552,743.715397730191,130,NA,NA,0.0288928571428571,NA,0.394642857142857,NA,NA,13.6726743084502,NA
"131",2015,212,NA,NA,NA,NA,NA,NA,NA,NA,NA,652.501631243342,33.552,686.053631243342,131,NA,NA,0.0287857142857143,NA,0.396785714285714,NA,NA,13.8108658582797,NA
"132",2015,213,NA,NA,NA,NA,NA,NA,NA,NA,NA,594.839864756492,33.552,628.391864756492,132,NA,NA,0.0286785714285714,NA,0.398928571428571,NA,NA,13.9490574081091,NA
"133",2015,214,NA,NA,NA,NA,NA,NA,NA,NA,NA,537.178098269642,33.552,570.730098269642,133,NA,NA,0.0285714285714286,NA,0.401071428571429,NA,NA,14.0872489579386,NA
"134",2015,215,NA,NA,NA,NA,NA,NA,NA,NA,NA,479.516331782792,33.552,513.068331782792,134,NA,NA,0.0284642857142857,NA,0.403214285714286,NA,NA,14.2254405077681,NA
"135",2015,216,NA,NA,NA,NA,NA,NA,NA,NA,NA,421.854565295942,33.552,455.406565295942,135,NA,NA,0.0283571428571429,NA,0.405357142857143,NA,NA,14.3636320575976,NA
"136",2015,217,NA,NA,NA,NA,NA,NA,NA,NA,NA,364.192798809092,33.552,397.744798809092,136,NA,NA,0.02825,NA,0.4075,NA,NA,14.5018236074271,NA
"137",2015,218,NA,NA,NA,NA,NA,NA,NA,NA,NA,306.531032322242,33.552,340.083032322242,137,NA,NA,0.0281428571428571,NA,0.409642857142857,NA,NA,14.6400151572566,NA
"138",2015,219,NA,NA,NA,NA,NA,NA,NA,NA,NA,248.869265835392,33.552,282.421265835392,138,NA,NA,0.0280357142857143,NA,0.411785714285714,NA,NA,14.778206707086,NA
"139",2015,220,NA,NA,NA,NA,NA,NA,NA,NA,NA,191.207499348542,33.552,224.759499348542,139,NA,NA,0.0279285714285714,NA,0.413928571428571,NA,NA,14.9163982569155,NA
"140",2015,221,NA,NA,NA,NA,NA,NA,NA,NA,NA,133.545732861692,33.552,167.097732861692,140,NA,NA,0.0278214285714286,NA,0.416071428571429,NA,NA,15.054589806745,NA
"141",2015,222,NA,NA,NA,NA,NA,NA,NA,NA,NA,75.8839663748424,33.552,109.435966374842,141,NA,NA,0.0277142857142857,NA,0.418214285714286,NA,NA,15.1927813565745,NA
"142",2015,223,NA,NA,NA,NA,NA,NA,NA,NA,NA,18.2221998879924,33.552,51.7741998879924,142,NA,NA,0.0276071428571429,NA,0.420357142857143,NA,NA,15.330972906404,NA
"143",2015,224,275,13,"2015-08-18",0.1423125,230,"2015-08-18",230,-3879869.52926837,12.6895425310329,-39.4395665988575,33.552,-5.88756659885749,143,NA,NA,0.0275,NA,0.4225,NA,NA,15.4691644562335,NA
"144",2015,225,NA,NA,NA,NA,NA,NA,NA,NA,NA,-51.3359031073858,33.552,-17.7839031073858,144,NA,NA,0.0273928571428571,NA,0.424642857142857,NA,NA,15.6073560060629,NA
"145",2015,226,NA,NA,NA,NA,NA,NA,NA,NA,NA,-63.2322396159141,33.552,-29.6802396159141,145,NA,NA,0.0272857142857143,NA,0.426785714285714,NA,NA,15.7455475558924,NA
"146",2015,227,NA,NA,NA,NA,NA,NA,NA,NA,NA,-75.1285761244424,33.552,-41.5765761244424,146,NA,NA,0.0271785714285714,NA,0.428928571428571,NA,NA,15.8837391057219,NA
"147",2015,228,NA,NA,NA,NA,NA,NA,NA,NA,NA,-87.0249126329706,33.552,-53.4729126329706,147,NA,NA,0.0270714285714286,NA,0.431071428571429,NA,NA,16.0219306555514,NA
"148",2015,229,NA,NA,NA,NA,NA,NA,NA,NA,NA,-98.9212491414989,33.552,-65.3692491414989,148,NA,NA,0.0269642857142857,NA,0.433214285714286,NA,NA,16.1601222053809,NA
"149",2015,230,NA,NA,NA,NA,NA,NA,NA,NA,NA,-110.817585650027,33.552,-77.2655856500272,149,NA,NA,0.0268571428571429,NA,0.435357142857143,NA,NA,16.2983137552103,NA
"150",2015,231,NA,NA,NA,NA,NA,NA,NA,NA,NA,-122.713922158556,33.552,-89.1619221585555,150,NA,NA,0.02675,NA,0.4375,NA,NA,16.4365053050398,NA
"151",2015,232,NA,NA,NA,NA,NA,NA,NA,NA,NA,-134.610258667084,33.552,-101.058258667084,151,NA,NA,0.0266428571428571,NA,0.439642857142857,NA,NA,16.5746968548693,NA
"152",2015,233,NA,NA,NA,NA,NA,NA,NA,NA,NA,-146.506595175612,33.552,-112.954595175612,152,NA,NA,0.0265357142857143,NA,0.441785714285714,NA,NA,16.7128884046988,NA
"153",2015,234,NA,NA,NA,NA,NA,NA,NA,NA,NA,-158.40293168414,33.552,-124.85093168414,153,NA,NA,0.0264285714285714,NA,0.443928571428571,NA,NA,16.8510799545283,NA
"154",2015,235,NA,NA,NA,NA,NA,NA,NA,NA,NA,-170.299268192669,33.552,-136.747268192669,154,NA,NA,0.0263214285714286,NA,0.446071428571429,NA,NA,16.9892715043578,NA
"155",2015,236,NA,NA,NA,NA,NA,NA,NA,NA,NA,-182.195604701197,33.552,-148.643604701197,155,NA,NA,0.0262142857142857,NA,0.448214285714286,NA,NA,17.1274630541872,NA
"156",2015,237,NA,NA,NA,NA,NA,NA,NA,NA,NA,-194.091941209725,33.552,-160.539941209725,156,NA,NA,0.0261071428571429,NA,0.450357142857143,NA,NA,17.2656546040167,NA
"157",2015,238,300,12,"2015-08-31",0.123,243,"2015-08-31",243,-23445820.2280939,11.7825475512227,-205.988277718254,33.552,-172.436277718254,157,8,"2015-08-31",0.026,0.002,0.4525,0.4195,243,17.4038461538462,209.75
"158",2015,239,NA,NA,NA,NA,NA,NA,NA,NA,NA,-192.25572587037,33.552,-158.70372587037,158,NA,NA,0.0258735632183908,NA,0.44948275862069,NA,NA,17.3672750306822,NA
"159",2015,240,NA,NA,NA,NA,NA,NA,NA,NA,NA,-178.523174022486,33.552,-144.971174022486,159,NA,NA,0.0257471264367816,NA,0.446465517241379,NA,NA,17.3307039075182,NA
"160",2015,241,NA,NA,NA,NA,NA,NA,NA,NA,NA,-164.790622174603,33.552,-131.238622174603,160,NA,NA,0.0256206896551724,NA,0.443448275862069,NA,NA,17.2941327843541,NA
"161",2015,242,NA,NA,NA,NA,NA,NA,NA,NA,NA,-151.058070326719,33.552,-117.506070326719,161,NA,NA,0.0254942528735632,NA,0.440431034482759,NA,NA,17.2575616611901,NA
"162",2015,243,NA,NA,NA,NA,NA,NA,NA,NA,NA,-137.325518478836,33.552,-103.773518478836,162,NA,NA,0.025367816091954,NA,0.437413793103448,NA,NA,17.2209905380261,NA
"163",2015,244,NA,NA,NA,NA,NA,NA,NA,NA,NA,-123.592966630952,33.552,-90.0409666309521,163,NA,NA,0.0252413793103448,NA,0.434396551724138,NA,NA,17.1844194148621,NA
"164",2015,245,NA,NA,NA,NA,NA,NA,NA,NA,NA,-109.860414783069,33.552,-76.3084147830686,164,NA,NA,0.0251149425287356,NA,0.431379310344828,NA,NA,17.1478482916981,NA
"165",2015,246,NA,NA,NA,NA,NA,NA,NA,NA,NA,-96.127862935185,33.552,-62.575862935185,165,NA,NA,0.0249885057471264,NA,0.428362068965517,NA,NA,17.111277168534,NA
"166",2015,247,NA,NA,NA,NA,NA,NA,NA,NA,NA,-82.3953110873014,33.552,-48.8433110873014,166,NA,NA,0.0248620689655172,NA,0.425344827586207,NA,NA,17.07470604537,NA
"167",2015,248,NA,NA,NA,NA,NA,NA,NA,NA,NA,-68.6627592394179,33.552,-35.1107592394179,167,NA,NA,0.024735632183908,NA,0.422327586206897,NA,NA,17.038134922206,NA
"168",2015,249,NA,NA,NA,NA,NA,NA,NA,NA,NA,-54.9302073915343,33.552,-21.3782073915343,168,NA,NA,0.0246091954022988,NA,0.419310344827586,NA,NA,17.001563799042,NA
"169",2015,250,NA,NA,NA,NA,NA,NA,NA,NA,NA,-41.1976555436507,33.552,-7.64565554365069,169,NA,NA,0.0244827586206896,NA,0.416293103448276,NA,NA,16.964992675878,NA
"170",2015,251,NA,NA,NA,NA,NA,NA,NA,NA,NA,-27.4651036957671,33.552,6.08689630423285,170,NA,NA,0.0243563218390804,NA,0.413275862068965,NA,NA,16.9284215527139,NA
"171",2015,252,NA,NA,NA,NA,NA,NA,NA,NA,NA,-13.7325518478836,33.552,19.8194481521164,171,NA,NA,0.0242298850574712,NA,0.410258620689655,NA,NA,16.8918504295499,NA
"172",2016,196,324,10,"2016-07-18",0.08925,200,"2016-07-18",200,0,10.3786628944664,0,33.552,33.552,172,NA,NA,0.0241034482758621,NA,0.407241379310345,NA,NA,16.8552793063859,NA
"173",2016,197,NA,NA,NA,NA,NA,NA,NA,NA,NA,1.94102522330627,33.552,35.4930252233063,173,NA,NA,0.0239770114942529,NA,0.404224137931035,NA,NA,16.8187081832219,NA
"174",2016,198,NA,NA,NA,NA,NA,NA,NA,NA,NA,3.88205044661254,33.552,37.4340504466125,174,NA,NA,0.0238505747126437,NA,0.401206896551724,NA,NA,16.7821370600578,NA
"175",2016,199,NA,NA,NA,NA,NA,NA,NA,NA,NA,5.82307566991881,33.552,39.3750756699188,175,NA,NA,0.0237241379310345,NA,0.398189655172414,NA,NA,16.7455659368938,NA
"176",2016,200,NA,NA,NA,NA,NA,NA,NA,NA,NA,7.76410089322507,33.552,41.3161008932251,176,NA,NA,0.0235977011494253,NA,0.395172413793103,NA,NA,16.7089948137298,NA
"177",2016,201,NA,NA,NA,NA,NA,NA,NA,NA,NA,9.70512611653134,33.552,43.2571261165313,177,NA,NA,0.0234712643678161,NA,0.392155172413793,NA,NA,16.6724236905658,NA
"178",2016,202,NA,NA,NA,NA,NA,NA,NA,NA,NA,11.6461513398376,33.552,45.1981513398376,178,NA,NA,0.0233448275862069,NA,0.389137931034483,NA,NA,16.6358525674018,NA
"179",2016,203,NA,NA,NA,NA,NA,NA,NA,NA,NA,13.5871765631439,33.552,47.1391765631439,179,NA,NA,0.0232183908045977,NA,0.386120689655172,NA,NA,16.5992814442377,NA
"180",2016,204,NA,NA,NA,NA,NA,NA,NA,NA,NA,15.5282017864501,33.552,49.0802017864501,180,NA,NA,0.0230919540229885,NA,0.383103448275862,NA,NA,16.5627103210737,NA
"181",2016,205,NA,NA,NA,NA,NA,NA,NA,NA,NA,17.4692270097564,33.552,51.0212270097564,181,NA,NA,0.0229655172413793,NA,0.380086206896552,NA,NA,16.5261391979097,NA
"182",2016,206,NA,NA,NA,NA,NA,NA,NA,NA,NA,19.4102522330627,33.552,52.9622522330627,182,NA,NA,0.0228390804597701,NA,0.377068965517241,NA,NA,16.4895680747457,NA
"183",2016,207,NA,NA,NA,NA,NA,NA,NA,NA,NA,21.351277456369,33.552,54.903277456369,183,NA,NA,0.0227126436781609,NA,0.374051724137931,NA,NA,16.4529969515817,NA
"184",2016,208,NA,NA,NA,NA,NA,NA,NA,NA,NA,23.2923026796752,33.552,56.8443026796752,184,NA,NA,0.0225862068965517,NA,0.371034482758621,NA,NA,16.4164258284176,NA
"185",2016,209,NA,NA,NA,NA,NA,NA,NA,NA,NA,25.2333279029815,33.552,58.7853279029815,185,NA,NA,0.0224597701149425,NA,0.36801724137931,NA,NA,16.3798547052536,NA
"186",2016,210,351,11,"2016-08-01",0.0555,214,"2016-08-01",214,6854791.77960412,10.6438385919365,27.1743531262878,33.552,60.7263531262878,186,9,"2016-08-01",0.0223333333333333,0.00166666666666667,0.365,0.2835,214,16.3432835820896,170.1
"187",2016,211,NA,NA,NA,NA,NA,NA,NA,NA,NA,30.7414827557265,33.552,64.2934827557265,187,NA,NA,0.02225,NA,0.367357142857143,NA,NA,16.5292377398721,NA
"188",2016,212,NA,NA,NA,NA,NA,NA,NA,NA,NA,34.3086123851653,33.552,67.8606123851653,188,NA,NA,0.0221666666666666,NA,0.369714285714286,NA,NA,16.7151918976546,NA
"189",2016,213,NA,NA,NA,NA,NA,NA,NA,NA,NA,37.875742014604,33.552,71.427742014604,189,NA,NA,0.0220833333333333,NA,0.372071428571429,NA,NA,16.9011460554371,NA
"190",2016,214,NA,NA,NA,NA,NA,NA,NA,NA,NA,41.4428716440428,33.552,74.9948716440428,190,NA,NA,0.022,NA,0.374428571428571,NA,NA,17.0871002132197,NA
"191",2016,215,NA,NA,NA,NA,NA,NA,NA,NA,NA,45.0100012734815,33.552,78.5620012734815,191,NA,NA,0.0219166666666666,NA,0.376785714285714,NA,NA,17.2730543710022,NA
"192",2016,216,NA,NA,NA,NA,NA,NA,NA,NA,NA,48.5771309029203,33.552,82.1291309029203,192,NA,NA,0.0218333333333333,NA,0.379142857142857,NA,NA,17.4590085287847,NA
"193",2016,217,NA,NA,NA,NA,NA,NA,NA,NA,NA,52.144260532359,33.552,85.696260532359,193,NA,NA,0.02175,NA,0.3815,NA,NA,17.6449626865672,NA
"194",2016,218,NA,NA,NA,NA,NA,NA,NA,NA,NA,55.7113901617978,33.552,89.2633901617978,194,NA,NA,0.0216666666666666,NA,0.383857142857143,NA,NA,17.8309168443497,NA
"195",2016,219,NA,NA,NA,NA,NA,NA,NA,NA,NA,59.2785197912365,33.552,92.8305197912365,195,NA,NA,0.0215833333333333,NA,0.386214285714286,NA,NA,18.0168710021322,NA
"196",2016,220,NA,NA,NA,NA,NA,NA,NA,NA,NA,62.8456494206753,33.552,96.3976494206753,196,NA,NA,0.0215,NA,0.388571428571429,NA,NA,18.2028251599147,NA
"197",2016,221,NA,NA,NA,NA,NA,NA,NA,NA,NA,66.412779050114,33.552,99.964779050114,197,NA,NA,0.0214166666666666,NA,0.390928571428571,NA,NA,18.3887793176973,NA
"198",2016,222,NA,NA,NA,NA,NA,NA,NA,NA,NA,69.9799086795528,33.552,103.531908679553,198,NA,NA,0.0213333333333333,NA,0.393285714285714,NA,NA,18.5747334754798,NA
"199",2016,223,NA,NA,NA,NA,NA,NA,NA,NA,NA,73.5470383089915,33.552,107.099038308992,199,NA,NA,0.02125,NA,0.395642857142857,NA,NA,18.7606876332623,NA
"200",2016,224,377,11,"2016-08-15",0.07475,228,"2016-08-15",228,14442787.3061943,11.2025537681916,77.1141679384303,33.552,110.66616793843,200,NA,NA,0.0211666666666666,NA,0.398,NA,NA,18.9466417910448,NA
"201",2016,225,NA,NA,NA,NA,NA,NA,NA,NA,NA,60.162380980571,33.552,93.714380980571,201,NA,NA,0.0210833333333333,NA,0.400357142857143,NA,NA,19.1325959488273,NA
"202",2016,226,NA,NA,NA,NA,NA,NA,NA,NA,NA,43.2105940227118,33.552,76.7625940227118,202,NA,NA,0.021,NA,0.402714285714286,NA,NA,19.3185501066098,NA
"203",2016,227,NA,NA,NA,NA,NA,NA,NA,NA,NA,26.2588070648526,33.552,59.8108070648526,203,NA,NA,0.0209166666666667,NA,0.405071428571429,NA,NA,19.5045042643923,NA
"204",2016,228,NA,NA,NA,NA,NA,NA,NA,NA,NA,9.30702010699332,33.552,42.8590201069933,204,NA,NA,0.0208333333333333,NA,0.407428571428571,NA,NA,19.6904584221749,NA
"205",2016,229,NA,NA,NA,NA,NA,NA,NA,NA,NA,-7.64476685086592,33.552,25.9072331491341,205,NA,NA,0.02075,NA,0.409785714285714,NA,NA,19.8764125799574,NA
"206",2016,230,NA,NA,NA,NA,NA,NA,NA,NA,NA,-24.5965538087251,33.552,8.95544619127486,206,NA,NA,0.0206666666666667,NA,0.412142857142857,NA,NA,20.0623667377399,NA
"207",2016,231,NA,NA,NA,NA,NA,NA,NA,NA,NA,-41.5483407665844,33.552,-7.99634076658438,207,NA,NA,0.0205833333333333,NA,0.4145,NA,NA,20.2483208955224,NA
"208",2016,232,NA,NA,NA,NA,NA,NA,NA,NA,NA,-58.5001277244436,33.552,-24.9481277244436,208,NA,NA,0.0205,NA,0.416857142857143,NA,NA,20.4342750533049,NA
"209",2016,233,NA,NA,NA,NA,NA,NA,NA,NA,NA,-75.4519146823029,33.552,-41.8999146823029,209,NA,NA,0.0204166666666667,NA,0.419214285714286,NA,NA,20.6202292110874,NA
"210",2016,234,NA,NA,NA,NA,NA,NA,NA,NA,NA,-92.4037016401621,33.552,-58.8517016401621,210,NA,NA,0.0203333333333333,NA,0.421571428571429,NA,NA,20.8061833688699,NA
"211",2016,235,NA,NA,NA,NA,NA,NA,NA,NA,NA,-109.355488598021,33.552,-75.8034885980213,211,NA,NA,0.02025,NA,0.423928571428571,NA,NA,20.9921375266525,NA
"212",2016,236,NA,NA,NA,NA,NA,NA,NA,NA,NA,-126.307275555881,33.552,-92.7552755558806,212,NA,NA,0.0201666666666667,NA,0.426285714285714,NA,NA,21.178091684435,NA
"213",2016,237,NA,NA,NA,NA,NA,NA,NA,NA,NA,-143.25906251374,33.552,-109.70706251374,213,NA,NA,0.0200833333333333,NA,0.428642857142857,NA,NA,21.3640458422175,NA
"214",2016,238,402,10,"2016-08-30",0.094,243,"2016-08-30",243,-23861190.3468339,10.2794903118344,-160.210849471599,33.552,-126.658849471599,214,10,"2016-08-30",0.02,0.0035,0.431,0.343,243,21.55,98
"215",2016,239,NA,NA,NA,NA,NA,NA,NA,NA,NA,-149.530126173492,33.552,-115.978126173492,215,NA,NA,0.0214666666666667,NA,0.422933333333333,NA,NA,20.6053968253968,NA
"216",2016,240,NA,NA,NA,NA,NA,NA,NA,NA,NA,-138.849402875386,33.552,-105.297402875386,216,NA,NA,0.0229333333333333,NA,0.414866666666667,NA,NA,19.6607936507937,NA
"217",2016,241,NA,NA,NA,NA,NA,NA,NA,NA,NA,-128.168679577279,33.552,-94.6166795772792,217,NA,NA,0.0244,NA,0.4068,NA,NA,18.7161904761905,NA
"218",2016,242,NA,NA,NA,NA,NA,NA,NA,NA,NA,-117.487956279173,33.552,-83.9359562791726,218,NA,NA,0.0258666666666667,NA,0.398733333333333,NA,NA,17.7715873015873,NA
"219",2016,243,NA,NA,NA,NA,NA,NA,NA,NA,NA,-106.807232981066,33.552,-73.255232981066,219,NA,NA,0.0273333333333333,NA,0.390666666666667,NA,NA,16.8269841269841,NA
"220",2016,244,NA,NA,NA,NA,NA,NA,NA,NA,NA,-96.1265096829594,33.552,-62.5745096829594,220,NA,NA,0.0288,NA,0.3826,NA,NA,15.882380952381,NA
"221",2016,245,NA,NA,NA,NA,NA,NA,NA,NA,NA,-85.4457863848528,33.552,-51.8937863848528,221,NA,NA,0.0302666666666667,NA,0.374533333333333,NA,NA,14.9377777777778,NA
"222",2016,246,NA,NA,NA,NA,NA,NA,NA,NA,NA,-74.7650630867462,33.552,-41.2130630867462,222,NA,NA,0.0317333333333333,NA,0.366466666666667,NA,NA,13.9931746031746,NA
"223",2016,247,NA,NA,NA,NA,NA,NA,NA,NA,NA,-64.0843397886396,33.552,-30.5323397886396,223,NA,NA,0.0332,NA,0.3584,NA,NA,13.0485714285714,NA
"224",2016,248,NA,NA,NA,NA,NA,NA,NA,NA,NA,-53.403616490533,33.552,-19.851616490533,224,NA,NA,0.0346666666666667,NA,0.350333333333333,NA,NA,12.1039682539683,NA
"225",2016,249,NA,NA,NA,NA,NA,NA,NA,NA,NA,-42.7228931924264,33.552,-9.17089319242642,225,NA,NA,0.0361333333333333,NA,0.342266666666667,NA,NA,11.1593650793651,NA
"226",2016,250,NA,NA,NA,NA,NA,NA,NA,NA,NA,-32.0421698943198,33.552,1.50983010568018,226,NA,NA,0.0376,NA,0.3342,NA,NA,10.2147619047619,NA
"227",2016,251,NA,NA,NA,NA,NA,NA,NA,NA,NA,-21.3614465962132,33.552,12.1905534037868,227,NA,NA,0.0390666666666667,NA,0.326133333333333,NA,NA,9.27015873015873,NA
"228",2016,252,NA,NA,NA,NA,NA,NA,NA,NA,NA,-10.6807232981066,33.552,22.8712767018934,228,NA,NA,0.0405333333333333,NA,0.318066666666667,NA,NA,8.32555555555555,NA
"229",2017,196,429,11,"2017-07-10",0.14825,191,"2017-07-10",191,0,10.8576462558811,0,33.552,33.552,229,11,"2017-07-10",0.042,0.00133333333333333,0.31,0.247,191,7.38095238095238,185.25
"230",2017,197,NA,NA,NA,NA,NA,NA,NA,NA,NA,98.3865580144672,33.552,131.938558014467,230,NA,NA,0.042,NA,0.313357142857143,NA,NA,7.4608843537415,NA
"231",2017,198,NA,NA,NA,NA,NA,NA,NA,NA,NA,196.773116028934,33.552,230.325116028934,231,NA,NA,0.042,NA,0.316714285714286,NA,NA,7.54081632653061,NA
"232",2017,199,NA,NA,NA,NA,NA,NA,NA,NA,NA,295.159674043402,33.552,328.711674043402,232,NA,NA,0.042,NA,0.320071428571429,NA,NA,7.62074829931973,NA
"233",2017,200,NA,NA,NA,NA,NA,NA,NA,NA,NA,393.546232057869,33.552,427.098232057869,233,NA,NA,0.042,NA,0.323428571428571,NA,NA,7.70068027210884,NA
"234",2017,201,NA,NA,NA,NA,NA,NA,NA,NA,NA,491.932790072336,33.552,525.484790072336,234,NA,NA,0.042,NA,0.326785714285714,NA,NA,7.78061224489796,NA
"235",2017,202,NA,NA,NA,NA,NA,NA,NA,NA,NA,590.319348086803,33.552,623.871348086803,235,NA,NA,0.042,NA,0.330142857142857,NA,NA,7.86054421768707,NA
"236",2017,203,NA,NA,NA,NA,NA,NA,NA,NA,NA,688.705906101271,33.552,722.257906101271,236,NA,NA,0.042,NA,0.3335,NA,NA,7.94047619047619,NA
"237",2017,204,NA,NA,NA,NA,NA,NA,NA,NA,NA,787.092464115738,33.552,820.644464115738,237,NA,NA,0.042,NA,0.336857142857143,NA,NA,8.02040816326531,NA
"238",2017,205,NA,NA,NA,NA,NA,NA,NA,NA,NA,885.479022130205,33.552,919.031022130205,238,NA,NA,0.042,NA,0.340214285714286,NA,NA,8.10034013605442,NA
"239",2017,206,NA,NA,NA,NA,NA,NA,NA,NA,NA,983.865580144672,33.552,1017.41758014467,239,NA,NA,0.042,NA,0.343571428571429,NA,NA,8.18027210884354,NA
"240",2017,207,NA,NA,NA,NA,NA,NA,NA,NA,NA,1082.25213815914,33.552,1115.80413815914,240,NA,NA,0.042,NA,0.346928571428571,NA,NA,8.26020408163265,NA
"241",2017,208,NA,NA,NA,NA,NA,NA,NA,NA,NA,1180.63869617361,33.552,1214.19069617361,241,NA,NA,0.042,NA,0.350285714285714,NA,NA,8.34013605442177,NA
"242",2017,209,NA,NA,NA,NA,NA,NA,NA,NA,NA,1279.02525418807,33.552,1312.57725418807,242,NA,NA,0.042,NA,0.353642857142857,NA,NA,8.42006802721088,NA
"243",2017,210,460,16,"2017-07-24",0.155375,205,"2017-07-24",205,124111120.648982,15.6588501494588,1377.41181220254,33.552,1410.96381220254,243,NA,NA,0.042,NA,0.357,NA,NA,8.5,NA
"244",2017,211,NA,NA,NA,NA,NA,NA,NA,NA,NA,1230.06351704743,33.552,1263.61551704743,244,NA,NA,0.042,NA,0.360357142857143,NA,NA,8.57993197278912,NA
"245",2017,212,NA,NA,NA,NA,NA,NA,NA,NA,NA,1082.71522189231,33.552,1116.26722189231,245,NA,NA,0.042,NA,0.363714285714286,NA,NA,8.65986394557823,NA
"246",2017,213,NA,NA,NA,NA,NA,NA,NA,NA,NA,935.366926737199,33.552,968.918926737199,246,NA,NA,0.042,NA,0.367071428571429,NA,NA,8.73979591836735,NA
"247",2017,214,NA,NA,NA,NA,NA,NA,NA,NA,NA,788.018631582085,33.552,821.570631582085,247,NA,NA,0.042,NA,0.370428571428571,NA,NA,8.81972789115646,NA
"248",2017,215,NA,NA,NA,NA,NA,NA,NA,NA,NA,640.670336426971,33.552,674.222336426971,248,NA,NA,0.042,NA,0.373785714285714,NA,NA,8.89965986394558,NA
"249",2017,216,NA,NA,NA,NA,NA,NA,NA,NA,NA,493.322041271857,33.552,526.874041271857,249,NA,NA,0.042,NA,0.377142857142857,NA,NA,8.97959183673469,NA
"250",2017,217,NA,NA,NA,NA,NA,NA,NA,NA,NA,345.973746116743,33.552,379.525746116743,250,NA,NA,0.042,NA,0.3805,NA,NA,9.05952380952381,NA
"251",2017,218,NA,NA,NA,NA,NA,NA,NA,NA,NA,198.625450961629,33.552,232.177450961629,251,NA,NA,0.042,NA,0.383857142857143,NA,NA,9.13945578231293,NA
"252",2017,219,NA,NA,NA,NA,NA,NA,NA,NA,NA,51.2771558065153,33.552,84.8291558065152,252,NA,NA,0.042,NA,0.387214285714286,NA,NA,9.21938775510204,NA
"253",2017,220,NA,NA,NA,NA,NA,NA,NA,NA,NA,-96.0711393485985,33.552,-62.5191393485986,253,NA,NA,0.042,NA,0.390571428571429,NA,NA,9.29931972789116,NA
"254",2017,221,NA,NA,NA,NA,NA,NA,NA,NA,NA,-243.419434503713,33.552,-209.867434503713,254,NA,NA,0.042,NA,0.393928571428571,NA,NA,9.37925170068027,NA
"255",2017,222,NA,NA,NA,NA,NA,NA,NA,NA,NA,-390.767729658827,33.552,-357.215729658827,255,NA,NA,0.042,NA,0.397285714285714,NA,NA,9.45918367346939,NA
"256",2017,223,NA,NA,NA,NA,NA,NA,NA,NA,NA,-538.116024813941,33.552,-504.564024813941,256,NA,NA,0.042,NA,0.400642857142857,NA,NA,9.53911564625851,NA
"257",2017,224,483,13,"2017-08-07",0.1625,219,"2017-08-07",219,-59055387.5665647,13.3743090443692,-685.464319969054,33.552,-651.912319969054,257,12,"2017-08-07",0.042,0.0025,0.404,0.3555,219,9.61904761904762,142.2
"258",2017,225,NA,NA,NA,NA,NA,NA,NA,NA,NA,-667.084926369949,33.552,-633.532926369949,258,NA,NA,0.0415357142857143,NA,0.407178571428571,NA,NA,9.88265306122449,NA
"259",2017,226,NA,NA,NA,NA,NA,NA,NA,NA,NA,-648.705532770843,33.552,-615.153532770843,259,NA,NA,0.0410714285714286,NA,0.410357142857143,NA,NA,10.1462585034014,NA
"260",2017,227,NA,NA,NA,NA,NA,NA,NA,NA,NA,-630.326139171737,33.552,-596.774139171737,260,NA,NA,0.0406071428571429,NA,0.413535714285714,NA,NA,10.4098639455782,NA
"261",2017,228,NA,NA,NA,NA,NA,NA,NA,NA,NA,-611.946745572631,33.552,-578.394745572631,261,NA,NA,0.0401428571428571,NA,0.416714285714286,NA,NA,10.6734693877551,NA
"262",2017,229,NA,NA,NA,NA,NA,NA,NA,NA,NA,-593.567351973525,33.552,-560.015351973525,262,NA,NA,0.0396785714285714,NA,0.419892857142857,NA,NA,10.937074829932,NA
"263",2017,230,NA,NA,NA,NA,NA,NA,NA,NA,NA,-575.187958374419,33.552,-541.635958374419,263,NA,NA,0.0392142857142857,NA,0.423071428571429,NA,NA,11.2006802721088,NA
"264",2017,231,NA,NA,NA,NA,NA,NA,NA,NA,NA,-556.808564775313,33.552,-523.256564775314,264,NA,NA,0.03875,NA,0.42625,NA,NA,11.4642857142857,NA
"265",2017,232,NA,NA,NA,NA,NA,NA,NA,NA,NA,-538.429171176208,33.552,-504.877171176208,265,NA,NA,0.0382857142857143,NA,0.429428571428571,NA,NA,11.7278911564626,NA
"266",2017,233,NA,NA,NA,NA,NA,NA,NA,NA,NA,-520.049777577102,33.552,-486.497777577102,266,NA,NA,0.0378214285714286,NA,0.432607142857143,NA,NA,11.9914965986395,NA
"267",2017,234,NA,NA,NA,NA,NA,NA,NA,NA,NA,-501.670383977996,33.552,-468.118383977996,267,NA,NA,0.0373571428571429,NA,0.435785714285714,NA,NA,12.2551020408163,NA
"268",2017,235,NA,NA,NA,NA,NA,NA,NA,NA,NA,-483.29099037889,33.552,-449.73899037889,268,NA,NA,0.0368928571428571,NA,0.438964285714286,NA,NA,12.5187074829932,NA
"269",2017,236,NA,NA,NA,NA,NA,NA,NA,NA,NA,-464.911596779784,33.552,-431.359596779784,269,NA,NA,0.0364285714285714,NA,0.442142857142857,NA,NA,12.7823129251701,NA
"270",2017,237,NA,NA,NA,NA,NA,NA,NA,NA,NA,-446.532203180678,33.552,-412.980203180678,270,NA,NA,0.0359642857142857,NA,0.445321428571429,NA,NA,13.0459183673469,NA
"271",2017,238,508,12,"2017-08-23",0.1415,235,"2017-08-23",235,-42361408.7218517,11.7355698288237,-428.152809581573,33.552,-394.600809581573,271,NA,NA,0.0355,NA,0.4485,NA,NA,13.3095238095238,NA
"272",2017,239,NA,NA,NA,NA,NA,NA,NA,NA,NA,-373.33056404973,33.552,-339.77856404973,272,NA,NA,0.0350357142857143,NA,0.451678571428571,NA,NA,13.5731292517007,NA
"273",2017,240,NA,NA,NA,NA,NA,NA,NA,NA,NA,-318.508318517887,33.552,-284.956318517887,273,NA,NA,0.0345714285714286,NA,0.454857142857143,NA,NA,13.8367346938776,NA
"274",2017,241,NA,NA,NA,NA,NA,NA,NA,NA,NA,-263.686072986044,33.552,-230.134072986044,274,NA,NA,0.0341071428571429,NA,0.458035714285714,NA,NA,14.1003401360544,NA
"275",2017,242,NA,NA,NA,NA,NA,NA,NA,NA,NA,-208.863827454201,33.552,-175.311827454201,275,NA,NA,0.0336428571428571,NA,0.461214285714286,NA,NA,14.3639455782313,NA
"276",2017,243,NA,NA,NA,NA,NA,NA,NA,NA,NA,-154.041581922359,33.552,-120.489581922359,276,NA,NA,0.0331785714285714,NA,0.464392857142857,NA,NA,14.6275510204082,NA
"277",2017,244,NA,NA,NA,NA,NA,NA,NA,NA,NA,-99.2193363905159,33.552,-65.6673363905159,277,NA,NA,0.0327142857142857,NA,0.467571428571429,NA,NA,14.891156462585,NA
"278",2017,245,NA,NA,NA,NA,NA,NA,NA,NA,NA,-44.3970908586731,33.552,-10.8450908586731,278,NA,NA,0.03225,NA,0.47075,NA,NA,15.1547619047619,NA
"279",2017,246,NA,NA,NA,NA,NA,NA,NA,NA,NA,10.4251546731697,33.552,43.9771546731697,279,NA,NA,0.0317857142857143,NA,0.473928571428571,NA,NA,15.4183673469388,NA
"280",2017,247,NA,NA,NA,NA,NA,NA,NA,NA,NA,65.2474002050125,33.552,98.7994002050125,280,NA,NA,0.0313214285714286,NA,0.477107142857143,NA,NA,15.6819727891156,NA
"281",2017,248,NA,NA,NA,NA,NA,NA,NA,NA,NA,120.069645736855,33.552,153.621645736855,281,NA,NA,0.0308571428571429,NA,0.480285714285714,NA,NA,15.9455782312925,NA
"282",2017,249,NA,NA,NA,NA,NA,NA,NA,NA,NA,174.891891268698,33.552,208.443891268698,282,NA,NA,0.0303928571428571,NA,0.483464285714286,NA,NA,16.2091836734694,NA
"283",2017,250,NA,NA,NA,NA,NA,NA,NA,NA,NA,229.714136800541,33.552,263.266136800541,283,NA,NA,0.0299285714285714,NA,0.486642857142857,NA,NA,16.4727891156463,NA
"284",2017,251,NA,NA,NA,NA,NA,NA,NA,NA,NA,284.536382332384,33.552,318.088382332384,284,NA,NA,0.0294642857142857,NA,0.489821428571429,NA,NA,16.7363945578231,NA
"285",2017,252,535,13,"2017-09-06",0.1205,249,"2017-09-06",249,39427558.4240595,13.2608138684392,339.358627864226,33.552,372.910627864226,285,13,"2017-09-06",0.029,0,0.493,0.45,249,17,NA
"286",2018,196,557,9,"2018-07-09",0.0735,190,"2018-07-09",190,0,8.56930555618348,0,33.552,33.552,286,14,"2018-07-09",0.0373333333333333,0.00233333333333333,0.278,0.2495,190,7.44642857142857,106.928571428571
"287",2018,197,NA,NA,NA,NA,NA,NA,NA,NA,NA,15.1953203198078,33.552,48.7473203198078,287,NA,NA,0.0366785714285714,NA,0.280017857142857,NA,NA,7.80924409237379,NA
"288",2018,198,NA,NA,NA,NA,NA,NA,NA,NA,NA,30.3906406396156,33.552,63.9426406396156,288,NA,NA,0.0360238095238095,NA,0.282035714285714,NA,NA,8.17205961331901,NA
"289",2018,199,NA,NA,NA,NA,NA,NA,NA,NA,NA,45.5859609594235,33.552,79.1379609594235,289,NA,NA,0.0353690476190476,NA,0.284053571428571,NA,NA,8.53487513426423,NA
"290",2018,200,NA,NA,NA,NA,NA,NA,NA,NA,NA,60.7812812792313,33.552,94.3332812792313,290,NA,NA,0.0347142857142857,NA,0.286071428571429,NA,NA,8.89769065520945,NA
"291",2018,201,NA,NA,NA,NA,NA,NA,NA,NA,NA,75.9766015990391,33.552,109.528601599039,291,NA,NA,0.0340595238095238,NA,0.288089285714286,NA,NA,9.26050617615467,NA
"292",2018,202,NA,NA,NA,NA,NA,NA,NA,NA,NA,91.1719219188469,33.552,124.723921918847,292,NA,NA,0.0334047619047619,NA,0.290107142857143,NA,NA,9.62332169709988,NA
"293",2018,203,NA,NA,NA,NA,NA,NA,NA,NA,NA,106.367242238655,33.552,139.919242238655,293,NA,NA,0.03275,NA,0.292125,NA,NA,9.9861372180451,NA
"294",2018,204,NA,NA,NA,NA,NA,NA,NA,NA,NA,121.562562558463,33.552,155.114562558463,294,NA,NA,0.0320952380952381,NA,0.294142857142857,NA,NA,10.3489527389903,NA
"295",2018,205,NA,NA,NA,NA,NA,NA,NA,NA,NA,136.75788287827,33.552,170.30988287827,295,NA,NA,0.0314404761904762,NA,0.296160714285714,NA,NA,10.7117682599355,NA
"296",2018,206,NA,NA,NA,NA,NA,NA,NA,NA,NA,151.953203198078,33.552,185.505203198078,296,NA,NA,0.0307857142857143,NA,0.298178571428571,NA,NA,11.0745837808808,NA
"297",2018,207,NA,NA,NA,NA,NA,NA,NA,NA,NA,167.148523517886,33.552,200.700523517886,297,NA,NA,0.0301309523809524,NA,0.300196428571429,NA,NA,11.437399301826,NA
"298",2018,208,NA,NA,NA,NA,NA,NA,NA,NA,NA,182.343843837694,33.552,215.895843837694,298,NA,NA,0.0294761904761905,NA,0.302214285714286,NA,NA,11.8002148227712,NA
"299",2018,209,NA,NA,NA,NA,NA,NA,NA,NA,NA,197.539164157502,33.552,231.091164157502,299,NA,NA,0.0288214285714286,NA,0.304232142857143,NA,NA,12.1630303437164,NA
"300",2018,210,584,10,"2018-07-23",0.062,204,"2018-07-23",204,48036819.0755215,10.4275964295112,212.73448447731,33.552,246.28648447731,300,NA,NA,0.0281666666666667,NA,0.30625,NA,NA,12.5258458646616,NA
"301",2018,211,NA,NA,NA,NA,NA,NA,NA,NA,NA,189.607607452195,33.552,223.159607452195,301,NA,NA,0.0275119047619047,NA,0.308267857142857,NA,NA,12.8886613856069,NA
"302",2018,212,NA,NA,NA,NA,NA,NA,NA,NA,NA,166.480730427081,33.552,200.032730427081,302,NA,NA,0.0268571428571428,NA,0.310285714285714,NA,NA,13.2514769065521,NA
"303",2018,213,NA,NA,NA,NA,NA,NA,NA,NA,NA,143.353853401967,33.552,176.905853401967,303,NA,NA,0.0262023809523809,NA,0.312303571428571,NA,NA,13.6142924274973,NA
"304",2018,214,NA,NA,NA,NA,NA,NA,NA,NA,NA,120.226976376853,33.552,153.778976376853,304,NA,NA,0.025547619047619,NA,0.314321428571429,NA,NA,13.9771079484425,NA
"305",2018,215,NA,NA,NA,NA,NA,NA,NA,NA,NA,97.1000993517385,33.552,130.652099351739,305,NA,NA,0.0248928571428571,NA,0.316339285714286,NA,NA,14.3399234693877,NA
"306",2018,216,NA,NA,NA,NA,NA,NA,NA,NA,NA,73.9732223266244,33.552,107.525222326624,306,NA,NA,0.0242380952380952,NA,0.318357142857143,NA,NA,14.7027389903329,NA
"307",2018,217,NA,NA,NA,NA,NA,NA,NA,NA,NA,50.8463453015102,33.552,84.3983453015101,307,NA,NA,0.0235833333333333,NA,0.320375,NA,NA,15.0655545112782,NA
"308",2018,218,NA,NA,NA,NA,NA,NA,NA,NA,NA,27.719468276396,33.552,61.271468276396,308,NA,NA,0.0229285714285714,NA,0.322392857142857,NA,NA,15.4283700322234,NA
"309",2018,219,NA,NA,NA,NA,NA,NA,NA,NA,NA,4.59259125128176,33.552,38.1445912512818,309,NA,NA,0.0222738095238095,NA,0.324410714285714,NA,NA,15.7911855531686,NA
"310",2018,220,NA,NA,NA,NA,NA,NA,NA,NA,NA,-18.5342857738324,33.552,15.0177142261676,310,NA,NA,0.0216190476190476,NA,0.326428571428571,NA,NA,16.1540010741138,NA
"311",2018,221,NA,NA,NA,NA,NA,NA,NA,NA,NA,-41.6611627989466,33.552,-8.10916279894661,311,NA,NA,0.0209642857142857,NA,0.328446428571429,NA,NA,16.516816595059,NA
"312",2018,222,NA,NA,NA,NA,NA,NA,NA,NA,NA,-64.7880398240608,33.552,-31.2360398240608,312,NA,NA,0.0203095238095238,NA,0.330464285714286,NA,NA,16.8796321160043,NA
"313",2018,223,NA,NA,NA,NA,NA,NA,NA,NA,NA,-87.914916849175,33.552,-54.362916849175,313,NA,NA,0.0196547619047619,NA,0.332482142857143,NA,NA,17.2424476369495,NA
"314",2018,224,609,9,"2018-08-06",0.0505,218,"2018-08-06",218,-30783863.6483178,9.23673129804823,-111.041793874289,33.552,-77.4897938742892,314,15,"2018-08-06",0.019,0,0.3345,0.2985,218,17.6052631578947,NA
"315",2018,225,NA,NA,NA,NA,NA,NA,NA,NA,NA,-90.5113369275906,33.552,-56.9593369275906,315,NA,NA,0.0192380952380952,NA,0.336910714285714,NA,NA,17.5358729616248,NA
"316",2018,226,NA,NA,NA,NA,NA,NA,NA,NA,NA,-69.980879980892,33.552,-36.428879980892,316,NA,NA,0.0194761904761905,NA,0.339321428571429,NA,NA,17.4664827653549,NA
"317",2018,227,NA,NA,NA,NA,NA,NA,NA,NA,NA,-49.4504230341934,33.552,-15.8984230341934,317,NA,NA,0.0197142857142857,NA,0.341732142857143,NA,NA,17.397092569085,NA
"318",2018,228,NA,NA,NA,NA,NA,NA,NA,NA,NA,-28.9199660874948,33.552,4.63203391250524,318,NA,NA,0.019952380952381,NA,0.344142857142857,NA,NA,17.3277023728151,NA
"319",2018,229,NA,NA,NA,NA,NA,NA,NA,NA,NA,-8.38950914079614,33.552,25.1624908592039,319,NA,NA,0.0201904761904762,NA,0.346553571428571,NA,NA,17.2583121765452,NA
"320",2018,230,NA,NA,NA,NA,NA,NA,NA,NA,NA,12.1409478059025,33.552,45.6929478059025,320,NA,NA,0.0204285714285714,NA,0.348964285714286,NA,NA,17.1889219802753,NA
"321",2018,231,NA,NA,NA,NA,NA,NA,NA,NA,NA,32.6714047526011,33.552,66.2234047526011,321,NA,NA,0.0206666666666667,NA,0.351375,NA,NA,17.1195317840054,NA
"322",2018,232,NA,NA,NA,NA,NA,NA,NA,NA,NA,53.2018616992997,33.552,86.7538616992997,322,NA,NA,0.0209047619047619,NA,0.353785714285714,NA,NA,17.0501415877356,NA
"323",2018,233,NA,NA,NA,NA,NA,NA,NA,NA,NA,73.7323186459983,33.552,107.284318645998,323,NA,NA,0.0211428571428572,NA,0.356196428571429,NA,NA,16.9807513914657,NA
"324",2018,234,NA,NA,NA,NA,NA,NA,NA,NA,NA,94.2627755926969,33.552,127.814775592697,324,NA,NA,0.0213809523809524,NA,0.358607142857143,NA,NA,16.9113611951958,NA
"325",2018,235,NA,NA,NA,NA,NA,NA,NA,NA,NA,114.793232539396,33.552,148.345232539396,325,NA,NA,0.0216190476190476,NA,0.361017857142857,NA,NA,16.8419709989259,NA
"326",2018,236,NA,NA,NA,NA,NA,NA,NA,NA,NA,135.323689486094,33.552,168.875689486094,326,NA,NA,0.0218571428571429,NA,0.363428571428571,NA,NA,16.772580802656,NA
"327",2018,237,NA,NA,NA,NA,NA,NA,NA,NA,NA,155.854146432793,33.552,189.406146432793,327,NA,NA,0.0220952380952381,NA,0.365839285714286,NA,NA,16.7031906063861,NA
"328",2018,238,636,10,"2018-08-22",0.09925,234,"2018-08-22",234,24880447.8318678,10.1992244443487,176.384603379491,33.552,209.936603379491,328,NA,NA,0.0223333333333334,NA,0.36825,NA,NA,16.6338004101162,NA
"329",2018,239,NA,NA,NA,NA,NA,NA,NA,NA,NA,189.199579031997,33.552,222.751579031997,329,NA,NA,0.0225714285714286,NA,0.370660714285714,NA,NA,16.5644102138463,NA
"330",2018,240,NA,NA,NA,NA,NA,NA,NA,NA,NA,202.014554684502,33.552,235.566554684502,330,NA,NA,0.0228095238095238,NA,0.373071428571429,NA,NA,16.4950200175764,NA
"331",2018,241,NA,NA,NA,NA,NA,NA,NA,NA,NA,214.829530337007,33.552,248.381530337007,331,NA,NA,0.0230476190476191,NA,0.375482142857143,NA,NA,16.4256298213065,NA
"332",2018,242,NA,NA,NA,NA,NA,NA,NA,NA,NA,227.644505989512,33.552,261.196505989512,332,NA,NA,0.0232857142857143,NA,0.377892857142857,NA,NA,16.3562396250366,NA
"333",2018,243,NA,NA,NA,NA,NA,NA,NA,NA,NA,240.459481642017,33.552,274.011481642017,333,NA,NA,0.0235238095238095,NA,0.380303571428571,NA,NA,16.2868494287667,NA
"334",2018,244,NA,NA,NA,NA,NA,NA,NA,NA,NA,253.274457294522,33.552,286.826457294522,334,NA,NA,0.0237619047619048,NA,0.382714285714286,NA,NA,16.2174592324968,NA
"335",2018,245,NA,NA,NA,NA,NA,NA,NA,NA,NA,266.089432947027,33.552,299.641432947027,335,NA,NA,0.024,NA,0.385125,NA,NA,16.1480690362269,NA
"336",2018,246,NA,NA,NA,NA,NA,NA,NA,NA,NA,278.904408599533,33.552,312.456408599533,336,NA,NA,0.0242380952380953,NA,0.387535714285714,NA,NA,16.0786788399571,NA
"337",2018,247,NA,NA,NA,NA,NA,NA,NA,NA,NA,291.719384252038,33.552,325.271384252038,337,NA,NA,0.0244761904761905,NA,0.389946428571429,NA,NA,16.0092886436872,NA
"338",2018,248,NA,NA,NA,NA,NA,NA,NA,NA,NA,304.534359904543,33.552,338.086359904543,338,NA,NA,0.0247142857142857,NA,0.392357142857143,NA,NA,15.9398984474173,NA
"339",2018,249,NA,NA,NA,NA,NA,NA,NA,NA,NA,317.349335557048,33.552,350.901335557048,339,NA,NA,0.024952380952381,NA,0.394767857142857,NA,NA,15.8705082511474,NA
"340",2018,250,NA,NA,NA,NA,NA,NA,NA,NA,NA,330.164311209553,33.552,363.716311209553,340,NA,NA,0.0251904761904762,NA,0.397178571428571,NA,NA,15.8011180548775,NA
"341",2018,251,NA,NA,NA,NA,NA,NA,NA,NA,NA,342.979286862058,33.552,376.531286862058,341,NA,NA,0.0254285714285715,NA,0.399589285714286,NA,NA,15.7317278586076,NA
"342",2018,252,664,12,"2018-09-04",0.148,247,"2018-09-04",247,33656214.0216479,11.5012056444125,355.794262514563,33.552,389.346262514563,342,16,"2018-09-04",0.0256666666666667,0.000666666666666667,0.402,0.373,247,15.6623376623377,559.5
